[
{
  "model": "people_app.user",
  "pk": 1,
  "fields": {
    "password": "pbkdf2_sha256$180000$qAcZIQHNp9Gv$sA1grzxGl2kmrSO8y/mZ8nxxR+Im/o1swSgB95UNAFE=",
    "last_login": null,
    "email": "owinsiowiecki0@digg.com",
    "username": "",
    "first_name": "Ofilia",
    "date_of_birth": "1998-02-13",
    "sex": "woman",
    "preferences": null,
    "star_sign": "Aquarius",
    "questions": 1,
    "latitude": "51.5025",
    "longitude": "-0.278126",
    "occupation": "Clinical Specialist",
    "bio": "Lorem ipsum dolor sit amet, consectetur adipiscing elit. Cras purus augue, dignissim nec risus ac, laoreet viverra turpis. Sed odio sem, elementum sit amet interdum in, gravida ac massa.",
    "conversations": [],
    "matches": [],
    "rejected": [
      104
    ],
    "images": []
  }
},
{
  "model": "people_app.user",
  "pk": 2,
  "fields": {
    "password": "pbkdf2_sha256$180000$NyftxGYnLxR8$HZrFC90R3KCv89nbC/r2KUHqb0j4g7NWTJuFoaNQVZY=",
    "last_login": null,
    "email": "mbellay1@ask.com",
    "username": "",
    "first_name": "Meridith",
    "date_of_birth": "1988-03-28",
    "sex": "woman",
    "preferences": null,
    "star_sign": "Aries",
    "questions": 2,
    "latitude": "51.50883531",
    "longitude": "-0.263033174",
    "occupation": "Graphic Designer",
    "bio": "Lorem ipsum dolor sit amet, consectetur adipiscing elit. Cras purus augue, dignissim nec risus ac, laoreet viverra turpis. Sed odio sem, elementum sit amet interdum in, gravida ac massa.",
    "conversations": [
      21
    ],
    "matches": [
      104
    ],
    "rejected": [
      10
    ],
    "images": []
  }
},
{
  "model": "people_app.user",
  "pk": 3,
  "fields": {
    "password": "pbkdf2_sha256$180000$Kr46SOeilc8Z$oLm7lNP4YrU8c+qPs9AaqiLbw7rE54ZH/UNl0e5o98k=",
    "last_login": null,
    "email": "dminshall2@amazon.com",
    "username": "",
    "first_name": "Davine",
    "date_of_birth": "1969-10-22",
    "sex": "woman",
    "preferences": null,
    "star_sign": "Libra",
    "questions": 3,
    "latitude": "51.50856013",
    "longitude": "-0.262879534",
    "occupation": "Environmental Tech",
    "bio": "Lorem ipsum dolor sit amet, consectetur adipiscing elit. Cras purus augue, dignissim nec risus ac, laoreet viverra turpis. Sed odio sem, elementum sit amet interdum in, gravida ac massa.",
    "conversations": [],
    "matches": [],
    "rejected": [],
    "images": []
  }
},
{
  "model": "people_app.user",
  "pk": 4,
  "fields": {
    "password": "pbkdf2_sha256$180000$OV1USGM4ohIu$i3Zk+BKhrc1ccjMOuhakH9OKbKJlYfM6x8MJpkkezwc=",
    "last_login": null,
    "email": "jtoward3@nature.com",
    "username": "",
    "first_name": "Jennifer",
    "date_of_birth": "1938-03-27",
    "sex": "woman",
    "preferences": null,
    "star_sign": "Aries",
    "questions": 4,
    "latitude": "51.51394",
    "longitude": "-0.07537",
    "occupation": "Nuclear Power Engineer",
    "bio": "Lorem ipsum dolor sit amet, consectetur adipiscing elit. Cras purus augue, dignissim nec risus ac, laoreet viverra turpis. Sed odio sem, elementum sit amet interdum in, gravida ac massa.",
    "conversations": [],
    "matches": [],
    "rejected": [],
    "images": []
  }
},
{
  "model": "people_app.user",
  "pk": 5,
  "fields": {
    "password": "pbkdf2_sha256$180000$ODAuB9f7l4J1$ypk3B2kKT9vEBTVos2xRfTioLGnexZNFQP8p/Ugn1tM=",
    "last_login": null,
    "email": "fholtom4@sciencedaily.com",
    "username": "",
    "first_name": "Ferguson",
    "date_of_birth": "1947-10-18",
    "sex": "man",
    "preferences": null,
    "star_sign": "Libra",
    "questions": 5,
    "latitude": "51.51514",
    "longitude": "-0.07178",
    "occupation": "Budget/Accounting Analyst III",
    "bio": "Lorem ipsum dolor sit amet, consectetur adipiscing elit. Cras purus augue, dignissim nec risus ac, laoreet viverra turpis. Sed odio sem, elementum sit amet interdum in, gravida ac massa.",
    "conversations": [],
    "matches": [],
    "rejected": [],
    "images": []
  }
},
{
  "model": "people_app.user",
  "pk": 6,
  "fields": {
    "password": "pbkdf2_sha256$180000$b5M0aJpHQO2w$aAJj4HrlwEjFztRg6q7QQzDxPqHW6eElVm3v8kW6wCo=",
    "last_login": null,
    "email": "imulvey5@geocities.com",
    "username": "",
    "first_name": "Ilaire",
    "date_of_birth": "1998-02-25",
    "sex": "man",
    "preferences": null,
    "star_sign": "Pisces",
    "questions": 6,
    "latitude": "51.54097",
    "longitude": "-0.30061",
    "occupation": "Health Coach IV",
    "bio": "Lorem ipsum dolor sit amet, consectetur adipiscing elit. Cras purus augue, dignissim nec risus ac, laoreet viverra turpis. Sed odio sem, elementum sit amet interdum in, gravida ac massa.",
    "conversations": [],
    "matches": [],
    "rejected": [],
    "images": []
  }
},
{
  "model": "people_app.user",
  "pk": 7,
  "fields": {
    "password": "pbkdf2_sha256$180000$4kWg7dMV1fqy$Yy6PGNq2law197mZdPRRPTZGeydwg2Z27ZK05Q5qsS8=",
    "last_login": null,
    "email": "gbergeon6@ebay.com",
    "username": "",
    "first_name": "Gage",
    "date_of_birth": "1949-09-22",
    "sex": "woman",
    "preferences": null,
    "star_sign": "Libra",
    "questions": 7,
    "latitude": "51.67435",
    "longitude": "-0.60732",
    "occupation": "Registered Nurse",
    "bio": "Lorem ipsum dolor sit amet, consectetur adipiscing elit. Cras purus augue, dignissim nec risus ac, laoreet viverra turpis. Sed odio sem, elementum sit amet interdum in, gravida ac massa.",
    "conversations": [],
    "matches": [],
    "rejected": [],
    "images": []
  }
},
{
  "model": "people_app.user",
  "pk": 8,
  "fields": {
    "password": "pbkdf2_sha256$180000$RDMY0mgfSwmg$XqAPQJRYr5lU+DCrJ8QGBhEOge1PhtLYppiNvAOLvWY=",
    "last_login": null,
    "email": "dmerwe7@wikipedia.org",
    "username": "",
    "first_name": "Doralin",
    "date_of_birth": "1983-07-06",
    "sex": "woman",
    "preferences": null,
    "star_sign": "Cancer",
    "questions": 8,
    "latitude": "51.53253",
    "longitude": "-0.10579",
    "occupation": "Computer Systems Analyst I",
    "bio": "Lorem ipsum dolor sit amet, consectetur adipiscing elit. Cras purus augue, dignissim nec risus ac, laoreet viverra turpis. Sed odio sem, elementum sit amet interdum in, gravida ac massa.",
    "conversations": [
      27
    ],
    "matches": [
      104
    ],
    "rejected": [
      10
    ],
    "images": []
  }
},
{
  "model": "people_app.user",
  "pk": 9,
  "fields": {
    "password": "pbkdf2_sha256$180000$FZWRijjj073e$WvwQpxIYCkS6Pu6HHm4zG4ix6ETm3jUzvptX50VMi7g=",
    "last_login": null,
    "email": "umullen8@zimbio.com",
    "username": "",
    "first_name": "Ulrich",
    "date_of_birth": "1948-11-16",
    "sex": "man",
    "preferences": null,
    "star_sign": "Scorpio",
    "questions": 9,
    "latitude": "51.56536",
    "longitude": "-0.13474",
    "occupation": "Account Coordinator",
    "bio": "Lorem ipsum dolor sit amet, consectetur adipiscing elit. Cras purus augue, dignissim nec risus ac, laoreet viverra turpis. Sed odio sem, elementum sit amet interdum in, gravida ac massa.",
    "conversations": [],
    "matches": [],
    "rejected": [],
    "images": []
  }
},
{
  "model": "people_app.user",
  "pk": 10,
  "fields": {
    "password": "pbkdf2_sha256$180000$bRRgOvfzPzsv$9FWSOHXrMD49qzXE/uJtboHGUzE7tvfBgjwxvroMTTw=",
    "last_login": null,
    "email": "remanuelov9@prweb.com",
    "username": "",
    "first_name": "Rees",
    "date_of_birth": "1994-04-30",
    "sex": "man",
    "preferences": 3,
    "star_sign": "Taurus",
    "questions": 10,
    "latitude": "51.61625",
    "longitude": "-0.13355",
    "occupation": "Senior Financial Analyst",
    "bio": "Lorem ipsum dolor sit amet, consectetur adipiscing elit. Cras purus augue, dignissim nec risus ac, laoreet viverra turpis. Sed odio sem, elementum sit amet interdum in, gravida ac massa.",
    "conversations": [
      2,
      11,
      12,
      13,
      14,
      15,
      16,
      17,
      18,
      19
    ],
    "matches": [
      32,
      27,
      53,
      24,
      80,
      12,
      45,
      38,
      37,
      100
    ],
    "rejected": [
      2,
      8,
      15,
      19,
      34,
      56,
      97
    ],
    "images": [
      6
    ]
  }
},
{
  "model": "people_app.user",
  "pk": 11,
  "fields": {
    "password": "pbkdf2_sha256$180000$i90NNSPghQ8d$oMjE+ssiX7dZWyQQti4IgKMCpY1furcZqtfRuKcix3Y=",
    "last_login": null,
    "email": "fbeacocka@vinaora.com",
    "username": "",
    "first_name": "Frayada",
    "date_of_birth": "1921-10-04",
    "sex": "woman",
    "preferences": null,
    "star_sign": "Libra",
    "questions": 11,
    "latitude": "51.55847",
    "longitude": "-0.10561",
    "occupation": "Nurse Practicioner",
    "bio": "Lorem ipsum dolor sit amet, consectetur adipiscing elit. Cras purus augue, dignissim nec risus ac, laoreet viverra turpis. Sed odio sem, elementum sit amet interdum in, gravida ac massa.",
    "conversations": [],
    "matches": [],
    "rejected": [],
    "images": []
  }
},
{
  "model": "people_app.user",
  "pk": 12,
  "fields": {
    "password": "pbkdf2_sha256$180000$R7ITLMg5oaGu$GAmaEXcnBl0rRubeZB9yPPzYlqICAtzFthLnL1c1jBs=",
    "last_login": null,
    "email": "jjurgesb@stumbleupon.com",
    "username": "",
    "first_name": "Jemie",
    "date_of_birth": "1986-09-07",
    "sex": "man",
    "preferences": null,
    "star_sign": "Virgo",
    "questions": 12,
    "latitude": "51.52265",
    "longitude": "-0.15704",
    "occupation": "Paralegal",
    "bio": "Lorem ipsum dolor sit amet, consectetur adipiscing elit. Cras purus augue, dignissim nec risus ac, laoreet viverra turpis. Sed odio sem, elementum sit amet interdum in, gravida ac massa.",
    "conversations": [
      4,
      13
    ],
    "matches": [
      10,
      100
    ],
    "rejected": [],
    "images": []
  }
},
{
  "model": "people_app.user",
  "pk": 13,
  "fields": {
    "password": "pbkdf2_sha256$180000$1FVcAUU9SIck$jfWbJgoTI+O+74KGd+p3u6GiR/Qb0qaxorij2l1BlyA=",
    "last_login": null,
    "email": "aabthorpec@taobao.com",
    "username": "",
    "first_name": "Amelie",
    "date_of_birth": "1971-09-07",
    "sex": "woman",
    "preferences": null,
    "star_sign": "Virgo",
    "questions": 13,
    "latitude": "51.522236",
    "longitude": "-0.15708",
    "occupation": "Technical Writer",
    "bio": "Lorem ipsum dolor sit amet, consectetur adipiscing elit. Cras purus augue, dignissim nec risus ac, laoreet viverra turpis. Sed odio sem, elementum sit amet interdum in, gravida ac massa.",
    "conversations": [],
    "matches": [],
    "rejected": [],
    "images": []
  }
},
{
  "model": "people_app.user",
  "pk": 14,
  "fields": {
    "password": "pbkdf2_sha256$180000$OIwucgSwtkOY$+kntfJ0wmeU1jqQk6YJiot3oCTm8pTX3NuGe0okvLyQ=",
    "last_login": null,
    "email": "smcgavigand@ucoz.ru",
    "username": "",
    "first_name": "Susannah",
    "date_of_birth": "1981-07-23",
    "sex": "woman",
    "preferences": null,
    "star_sign": "Leo",
    "questions": 14,
    "latitude": "51.44344113",
    "longitude": "-0.152945844",
    "occupation": "VP Product Management",
    "bio": "Lorem ipsum dolor sit amet, consectetur adipiscing elit. Cras purus augue, dignissim nec risus ac, laoreet viverra turpis. Sed odio sem, elementum sit amet interdum in, gravida ac massa.",
    "conversations": [],
    "matches": [],
    "rejected": [],
    "images": []
  }
},
{
  "model": "people_app.user",
  "pk": 15,
  "fields": {
    "password": "pbkdf2_sha256$180000$XRFjqbIluTb9$fp8UbsaofsTfonQgsEzfYEYr69mK0b5HhGQk0mh25xE=",
    "last_login": null,
    "email": "fstrutze@mediafire.com",
    "username": "",
    "first_name": "Faustina",
    "date_of_birth": "1979-07-03",
    "sex": "woman",
    "preferences": null,
    "star_sign": "Cancer",
    "questions": 15,
    "latitude": "51.5134047",
    "longitude": "-0.08905843",
    "occupation": "Librarian",
    "bio": "Lorem ipsum dolor sit amet, consectetur adipiscing elit. Cras purus augue, dignissim nec risus ac, laoreet viverra turpis. Sed odio sem, elementum sit amet interdum in, gravida ac massa.",
    "conversations": [],
    "matches": [],
    "rejected": [
      10
    ],
    "images": []
  }
},
{
  "model": "people_app.user",
  "pk": 16,
  "fields": {
    "password": "pbkdf2_sha256$180000$gck2lufTip3n$r9yo+RQRGtS20FObzodE6q9pzCGS766AT6vLiNSANoU=",
    "last_login": null,
    "email": "hpirellif@oakley.com",
    "username": "",
    "first_name": "Hubie",
    "date_of_birth": "1929-05-14",
    "sex": "man",
    "preferences": null,
    "star_sign": "Taurus",
    "questions": 16,
    "latitude": "51.520865",
    "longitude": "-0.097758",
    "occupation": "Research Assistant II",
    "bio": "Lorem ipsum dolor sit amet, consectetur adipiscing elit. Cras purus augue, dignissim nec risus ac, laoreet viverra turpis. Sed odio sem, elementum sit amet interdum in, gravida ac massa.",
    "conversations": [],
    "matches": [],
    "rejected": [],
    "images": []
  }
},
{
  "model": "people_app.user",
  "pk": 17,
  "fields": {
    "password": "pbkdf2_sha256$180000$ApK0X0k9D3Gn$e7N/tId6OBdmPXV34oz7He28kjhMxNGMTaBxm6j50qo=",
    "last_login": null,
    "email": "feyeg@cnet.com",
    "username": "",
    "first_name": "Fancie",
    "date_of_birth": "2000-12-02",
    "sex": "woman",
    "preferences": null,
    "star_sign": "Sagittarius",
    "questions": 17,
    "latitude": "51.54079",
    "longitude": "0.08018",
    "occupation": "Business Systems Development Analyst",
    "bio": "Lorem ipsum dolor sit amet, consectetur adipiscing elit. Cras purus augue, dignissim nec risus ac, laoreet viverra turpis. Sed odio sem, elementum sit amet interdum in, gravida ac massa.",
    "conversations": [],
    "matches": [],
    "rejected": [
      104
    ],
    "images": []
  }
},
{
  "model": "people_app.user",
  "pk": 18,
  "fields": {
    "password": "pbkdf2_sha256$180000$cdIM1B2knjs4$6l6I9UQHi14FM9/tAW2ocSiAaskwN3TU7P+DaqZTkM4=",
    "last_login": null,
    "email": "odinnegesh@sourceforge.net",
    "username": "",
    "first_name": "Obie",
    "date_of_birth": "1971-12-28",
    "sex": "man",
    "preferences": null,
    "star_sign": "Capricorn",
    "questions": 18,
    "latitude": "51.58543",
    "longitude": "0.08854",
    "occupation": "Office Assistant IV",
    "bio": "Lorem ipsum dolor sit amet, consectetur adipiscing elit. Cras purus augue, dignissim nec risus ac, laoreet viverra turpis. Sed odio sem, elementum sit amet interdum in, gravida ac massa.",
    "conversations": [],
    "matches": [],
    "rejected": [],
    "images": []
  }
},
{
  "model": "people_app.user",
  "pk": 19,
  "fields": {
    "password": "pbkdf2_sha256$180000$MkoION8yst3e$zPi3ZUbsFi/GWkfqFbBPidj/opOfvdDwlCE6gqgnO/M=",
    "last_login": null,
    "email": "pariasi@wired.com",
    "username": "",
    "first_name": "Pincus",
    "date_of_birth": "1987-04-07",
    "sex": "man",
    "preferences": null,
    "star_sign": "Aries",
    "questions": 19,
    "latitude": "51.490281",
    "longitude": "-0.21434",
    "occupation": "Safety Technician I",
    "bio": "Lorem ipsum dolor sit amet, consectetur adipiscing elit. Cras purus augue, dignissim nec risus ac, laoreet viverra turpis. Sed odio sem, elementum sit amet interdum in, gravida ac massa.",
    "conversations": [
      5
    ],
    "matches": [
      100
    ],
    "rejected": [
      10
    ],
    "images": []
  }
},
{
  "model": "people_app.user",
  "pk": 20,
  "fields": {
    "password": "pbkdf2_sha256$180000$Y1nKSfkgBAEq$dtEhUbIg+HwtUBXvh3GV9SOnt2AF7n34h7ShacqlYgc=",
    "last_login": null,
    "email": "ebarrasj@tumblr.com",
    "username": "",
    "first_name": "Emylee",
    "date_of_birth": "2002-01-02",
    "sex": "woman",
    "preferences": null,
    "star_sign": "Capricorn",
    "questions": 20,
    "latitude": "51.51224",
    "longitude": "-0.187569",
    "occupation": "Administrative Officer",
    "bio": "Lorem ipsum dolor sit amet, consectetur adipiscing elit. Cras purus augue, dignissim nec risus ac, laoreet viverra turpis. Sed odio sem, elementum sit amet interdum in, gravida ac massa.",
    "conversations": [],
    "matches": [],
    "rejected": [],
    "images": []
  }
},
{
  "model": "people_app.user",
  "pk": 21,
  "fields": {
    "password": "pbkdf2_sha256$180000$kxQ7L8Jegtb8$M3dNL7xYge7XqSN0rHYbtyci6FbUHY5FSOIp0PqhPPQ=",
    "last_login": null,
    "email": "brashleighk@guardian.co.uk",
    "username": "",
    "first_name": "Benyamin",
    "date_of_birth": "1978-05-12",
    "sex": "man",
    "preferences": null,
    "star_sign": "Taurus",
    "questions": 21,
    "latitude": "51.54029",
    "longitude": "0.1262",
    "occupation": "Web Designer I",
    "bio": "Lorem ipsum dolor sit amet, consectetur adipiscing elit. Cras purus augue, dignissim nec risus ac, laoreet viverra turpis. Sed odio sem, elementum sit amet interdum in, gravida ac massa.",
    "conversations": [
      6
    ],
    "matches": [
      100
    ],
    "rejected": [],
    "images": []
  }
},
{
  "model": "people_app.user",
  "pk": 22,
  "fields": {
    "password": "pbkdf2_sha256$180000$9PCcqJfV8i9a$HhDJUsejTKjk5WrfEnotIn4Vg4FWOccay7acK3DRGbE=",
    "last_login": null,
    "email": "bleneyl@china.com.cn",
    "username": "",
    "first_name": "Birch",
    "date_of_birth": "1942-07-26",
    "sex": "man",
    "preferences": null,
    "star_sign": "Leo",
    "questions": 22,
    "latitude": "51.55036",
    "longitude": "-0.16465",
    "occupation": "Payment Adjustment Coordinator",
    "bio": "Lorem ipsum dolor sit amet, consectetur adipiscing elit. Cras purus augue, dignissim nec risus ac, laoreet viverra turpis. Sed odio sem, elementum sit amet interdum in, gravida ac massa.",
    "conversations": [],
    "matches": [],
    "rejected": [],
    "images": []
  }
},
{
  "model": "people_app.user",
  "pk": 23,
  "fields": {
    "password": "pbkdf2_sha256$180000$ybHwBGgxTJTI$oZIVAvC2iS3C1B0G4FCHf9Xv2vswOs3JC6dcb2xqfz0=",
    "last_login": null,
    "email": "acottrellm@exblog.jp",
    "username": "",
    "first_name": "Andonis",
    "date_of_birth": "2001-12-07",
    "sex": "man",
    "preferences": null,
    "star_sign": "Sagittarius",
    "questions": 23,
    "latitude": "51.49813",
    "longitude": "-0.0635",
    "occupation": "Research Associate",
    "bio": "Lorem ipsum dolor sit amet, consectetur adipiscing elit. Cras purus augue, dignissim nec risus ac, laoreet viverra turpis. Sed odio sem, elementum sit amet interdum in, gravida ac massa.",
    "conversations": [],
    "matches": [],
    "rejected": [],
    "images": []
  }
},
{
  "model": "people_app.user",
  "pk": 24,
  "fields": {
    "password": "pbkdf2_sha256$180000$D9gTpobb853F$WhEfxCPb1uIxDp1Cfq0gYYXVt47r5W+b2LvaNgynQfg=",
    "last_login": null,
    "email": "jscaddenn@twitpic.com",
    "username": "",
    "first_name": "Jordain",
    "date_of_birth": "1975-05-01",
    "sex": "woman",
    "preferences": null,
    "star_sign": "Taurus",
    "questions": 24,
    "latitude": "51.52718",
    "longitude": "-0.05504",
    "occupation": "Editor",
    "bio": "Lorem ipsum dolor sit amet, consectetur adipiscing elit. Cras purus augue, dignissim nec risus ac, laoreet viverra turpis. Sed odio sem, elementum sit amet interdum in, gravida ac massa.",
    "conversations": [
      17
    ],
    "matches": [
      10
    ],
    "rejected": [],
    "images": []
  }
},
{
  "model": "people_app.user",
  "pk": 25,
  "fields": {
    "password": "pbkdf2_sha256$180000$c9E9yiTBdT8K$RoL/RTDb8mwUHyY2sdhU2NlO2RFoqEVneGG7IWteXEc=",
    "last_login": null,
    "email": "mskelchero@tumblr.com",
    "username": "",
    "first_name": "Morissa",
    "date_of_birth": "1996-11-08",
    "sex": "woman",
    "preferences": null,
    "star_sign": "Scorpio",
    "questions": 25,
    "latitude": "51.5114403",
    "longitude": "-0.1041905",
    "occupation": "Quality Engineer",
    "bio": "Lorem ipsum dolor sit amet, consectetur adipiscing elit. Cras purus augue, dignissim nec risus ac, laoreet viverra turpis. Sed odio sem, elementum sit amet interdum in, gravida ac massa.",
    "conversations": [],
    "matches": [],
    "rejected": [],
    "images": []
  }
},
{
  "model": "people_app.user",
  "pk": 26,
  "fields": {
    "password": "pbkdf2_sha256$180000$0rE28F4fVDf6$yT9bb5vJUD7VI8l0axgKxCRTTEb211vU+JOt4Nv2M+U=",
    "last_login": null,
    "email": "hfloodp@craigslist.org",
    "username": "",
    "first_name": "Hy",
    "date_of_birth": "1946-01-02",
    "sex": "man",
    "preferences": null,
    "star_sign": "Capricorn",
    "questions": 26,
    "latitude": "51.58698",
    "longitude": "-0.04104",
    "occupation": "Business Systems Development Analyst",
    "bio": "Lorem ipsum dolor sit amet, consectetur adipiscing elit. Cras purus augue, dignissim nec risus ac, laoreet viverra turpis. Sed odio sem, elementum sit amet interdum in, gravida ac massa.",
    "conversations": [],
    "matches": [],
    "rejected": [],
    "images": []
  }
},
{
  "model": "people_app.user",
  "pk": 27,
  "fields": {
    "password": "pbkdf2_sha256$180000$tIwYGnoDqiEy$CE5yqYx5nSPxjKCxmX402axxthE5tn1XHqiZLfB36bo=",
    "last_login": null,
    "email": "npratonq@cafepress.com",
    "username": "",
    "first_name": "Nonah",
    "date_of_birth": "1983-12-05",
    "sex": "woman",
    "preferences": null,
    "star_sign": "Sagittarius",
    "questions": 27,
    "latitude": "51.51461",
    "longitude": "-0.14897",
    "occupation": "Programmer Analyst III",
    "bio": "Lorem ipsum dolor sit amet, consectetur adipiscing elit. Cras purus augue, dignissim nec risus ac, laoreet viverra turpis. Sed odio sem, elementum sit amet interdum in, gravida ac massa.",
    "conversations": [
      18,
      22
    ],
    "matches": [
      104,
      10
    ],
    "rejected": [],
    "images": []
  }
},
{
  "model": "people_app.user",
  "pk": 28,
  "fields": {
    "password": "pbkdf2_sha256$180000$01eVXRHq4gA1$vp+RVGTmqESDJht1xDP60iny+HoTVAjWobWmupy5O+E=",
    "last_login": null,
    "email": "djennionsr@barnesandnoble.com",
    "username": "",
    "first_name": "Denise",
    "date_of_birth": "1981-06-06",
    "sex": "woman",
    "preferences": null,
    "star_sign": "Gemini",
    "questions": 28,
    "latitude": "51.50095",
    "longitude": "-0.09446",
    "occupation": "Geological Engineer",
    "bio": "Lorem ipsum dolor sit amet, consectetur adipiscing elit. Cras purus augue, dignissim nec risus ac, laoreet viverra turpis. Sed odio sem, elementum sit amet interdum in, gravida ac massa.",
    "conversations": [],
    "matches": [],
    "rejected": [],
    "images": []
  }
},
{
  "model": "people_app.user",
  "pk": 29,
  "fields": {
    "password": "pbkdf2_sha256$180000$e1G6RazThi2y$SEeTn2cKHsh55R2AHwKMydrF812tEEYubrHEe4GpZYw=",
    "last_login": null,
    "email": "wgunbies@toplist.cz",
    "username": "",
    "first_name": "Wilow",
    "date_of_birth": "2000-02-15",
    "sex": "woman",
    "preferences": null,
    "star_sign": "Aquarius",
    "questions": 29,
    "latitude": "51.495371",
    "longitude": "-0.325573",
    "occupation": "Software Consultant",
    "bio": "Lorem ipsum dolor sit amet, consectetur adipiscing elit. Cras purus augue, dignissim nec risus ac, laoreet viverra turpis. Sed odio sem, elementum sit amet interdum in, gravida ac massa.",
    "conversations": [],
    "matches": [],
    "rejected": [
      104
    ],
    "images": []
  }
},
{
  "model": "people_app.user",
  "pk": 30,
  "fields": {
    "password": "pbkdf2_sha256$180000$MQbKr0oZW6a1$nPkb6ItebnhJV/cpMR0eL3au4ZHh6B4ljWrlFxPJoBI=",
    "last_login": null,
    "email": "ghalcrot@uiuc.edu",
    "username": "",
    "first_name": "Gottfried",
    "date_of_birth": "1935-12-18",
    "sex": "man",
    "preferences": null,
    "star_sign": "Sagittarius",
    "questions": 30,
    "latitude": "51.607",
    "longitude": "-0.12418",
    "occupation": "Compensation Analyst",
    "bio": "Lorem ipsum dolor sit amet, consectetur adipiscing elit. Cras purus augue, dignissim nec risus ac, laoreet viverra turpis. Sed odio sem, elementum sit amet interdum in, gravida ac massa.",
    "conversations": [],
    "matches": [],
    "rejected": [],
    "images": []
  }
},
{
  "model": "people_app.user",
  "pk": 31,
  "fields": {
    "password": "pbkdf2_sha256$180000$hK696MysK0jR$CqBqBm3jGsvvdhUXaOq6/G6A0pjo7HMU+q/UKT5D2uM=",
    "last_login": null,
    "email": "rfinku@ow.ly",
    "username": "",
    "first_name": "Raine",
    "date_of_birth": "1925-04-06",
    "sex": "woman",
    "preferences": null,
    "star_sign": "Aries",
    "questions": 31,
    "latitude": "51.52709",
    "longitude": "-0.02482",
    "occupation": "Mechanical Systems Engineer",
    "bio": "Lorem ipsum dolor sit amet, consectetur adipiscing elit. Cras purus augue, dignissim nec risus ac, laoreet viverra turpis. Sed odio sem, elementum sit amet interdum in, gravida ac massa.",
    "conversations": [],
    "matches": [],
    "rejected": [],
    "images": []
  }
},
{
  "model": "people_app.user",
  "pk": 32,
  "fields": {
    "password": "pbkdf2_sha256$180000$RgBiEb7E6YLG$vk6p8ciJHgdjFCgzoxCTobppu5wStGgrcodxwYbSx+U=",
    "last_login": null,
    "email": "pbaylesv@rakuten.co.jp",
    "username": "",
    "first_name": "Pablo",
    "date_of_birth": "1991-05-01",
    "sex": "man",
    "preferences": null,
    "star_sign": "Taurus",
    "questions": 32,
    "latitude": "51.57693",
    "longitude": "-0.21414",
    "occupation": "Sales Associate",
    "bio": "Lorem ipsum dolor sit amet, consectetur adipiscing elit. Cras purus augue, dignissim nec risus ac, laoreet viverra turpis. Sed odio sem, elementum sit amet interdum in, gravida ac massa.",
    "conversations": [
      1,
      11
    ],
    "matches": [
      10,
      100
    ],
    "rejected": [],
    "images": []
  }
},
{
  "model": "people_app.user",
  "pk": 33,
  "fields": {
    "password": "pbkdf2_sha256$180000$3pF9113mnDEn$iJZghcLGNkPFpqEw2XyiF4iC1QkbJEZ4ke3lKQTz96g=",
    "last_login": null,
    "email": "ubeertx@ning.com",
    "username": "",
    "first_name": "Edna",
    "date_of_birth": "1974-06-30",
    "sex": "woman",
    "preferences": null,
    "star_sign": "Cancer",
    "questions": 33,
    "latitude": "51.46239",
    "longitude": "-0.115421",
    "occupation": "Human Resources Assistant III",
    "bio": "Lorem ipsum dolor sit amet, consectetur adipiscing elit. Cras purus augue, dignissim nec risus ac, laoreet viverra turpis. Sed odio sem, elementum sit amet interdum in, gravida ac massa.",
    "conversations": [],
    "matches": [],
    "rejected": [],
    "images": []
  }
},
{
  "model": "people_app.user",
  "pk": 34,
  "fields": {
    "password": "pbkdf2_sha256$180000$GXVre2YjwX5g$U6fUho74V8G7CZvvvmoTpODFO/jhDpZzj/Csb41NiMA=",
    "last_login": null,
    "email": "ubertx@bt.com",
    "username": "",
    "first_name": "Ula",
    "date_of_birth": "1986-06-30",
    "sex": "woman",
    "preferences": null,
    "star_sign": "Cancer",
    "questions": 34,
    "latitude": "51.52466",
    "longitude": "-0.01282",
    "occupation": "Mechanical Systems Engineer",
    "bio": "Lorem ipsum dolor sit amet, consectetur adipiscing elit. Cras purus augue, dignissim nec risus ac, laoreet viverra turpis. Sed odio sem, elementum sit amet interdum in, gravida ac massa.",
    "conversations": [
      24,
      26
    ],
    "matches": [
      104,
      109
    ],
    "rejected": [
      10
    ],
    "images": []
  }
},
{
  "model": "people_app.user",
  "pk": 35,
  "fields": {
    "password": "pbkdf2_sha256$180000$O29g2vRijoWG$Tv7bUKa7T9jEcMtBU1jgEFzySGUNf8rhRKqbvzAe2PQ=",
    "last_login": null,
    "email": "mbenezeity@cocolog-nifty.com",
    "username": "",
    "first_name": "Marcela",
    "date_of_birth": "1988-10-21",
    "sex": "woman",
    "preferences": null,
    "star_sign": "Libra",
    "questions": 35,
    "latitude": "51.54505",
    "longitude": "-0.20297",
    "occupation": "Pharmacist",
    "bio": "Lorem ipsum dolor sit amet, consectetur adipiscing elit. Cras purus augue, dignissim nec risus ac, laoreet viverra turpis. Sed odio sem, elementum sit amet interdum in, gravida ac massa.",
    "conversations": [],
    "matches": [],
    "rejected": [],
    "images": []
  }
},
{
  "model": "people_app.user",
  "pk": 36,
  "fields": {
    "password": "pbkdf2_sha256$180000$CQVCdXiQeqLE$itGlFKBhy9oHOdlWWHbVtyJ2Se2VwVzfiPM0iLv10qE=",
    "last_login": null,
    "email": "tantatz@salon.com",
    "username": "",
    "first_name": "Trina",
    "date_of_birth": "1985-06-24",
    "sex": "woman",
    "preferences": null,
    "star_sign": "Cancer",
    "questions": 36,
    "latitude": "51.5406",
    "longitude": "-0.21093",
    "occupation": "Clinical Specialist",
    "bio": "Lorem ipsum dolor sit amet, consectetur adipiscing elit. Cras purus augue, dignissim nec risus ac, laoreet viverra turpis. Sed odio sem, elementum sit amet interdum in, gravida ac massa.",
    "conversations": [],
    "matches": [],
    "rejected": [],
    "images": []
  }
},
{
  "model": "people_app.user",
  "pk": 37,
  "fields": {
    "password": "pbkdf2_sha256$180000$jmiZVamo4PYE$4V781KDiRRvqjvHwmZBmhgOI+hmuHj+cd+U/vDtMWcg=",
    "last_login": null,
    "email": "acorriea10@mit.edu",
    "username": "",
    "first_name": "Astrid",
    "date_of_birth": "1986-07-27",
    "sex": "woman",
    "preferences": null,
    "star_sign": "Leo",
    "questions": 37,
    "latitude": "51.62611",
    "longitude": "0.04705",
    "occupation": "Programmer III",
    "bio": "Lorem ipsum dolor sit amet, consectetur adipiscing elit. Cras purus augue, dignissim nec risus ac, laoreet viverra turpis. Sed odio sem, elementum sit amet interdum in, gravida ac massa.",
    "conversations": [
      19,
      20
    ],
    "matches": [
      104,
      10
    ],
    "rejected": [],
    "images": []
  }
},
{
  "model": "people_app.user",
  "pk": 38,
  "fields": {
    "password": "pbkdf2_sha256$180000$CNqCkZZ7m770$AXM8mYagtphjjnPCkL0EuZjqHiYR0gAhSbyvAQWcdyo=",
    "last_login": null,
    "email": "bspriggen11@statcounter.com",
    "username": "",
    "first_name": "Ben",
    "date_of_birth": "1987-12-08",
    "sex": "man",
    "preferences": null,
    "star_sign": "Sagittarius",
    "questions": 38,
    "latitude": "51.603",
    "longitude": "-0.26427",
    "occupation": "Programmer II",
    "bio": "Lorem ipsum dolor sit amet, consectetur adipiscing elit. Cras purus augue, dignissim nec risus ac, laoreet viverra turpis. Sed odio sem, elementum sit amet interdum in, gravida ac massa.",
    "conversations": [
      7,
      16
    ],
    "matches": [
      10,
      100
    ],
    "rejected": [],
    "images": []
  }
},
{
  "model": "people_app.user",
  "pk": 39,
  "fields": {
    "password": "pbkdf2_sha256$180000$tOSE7UC3M7K0$Kjt2pw84/k+D1K/iR98QNrq3+sh/8AthAbat8mc+xLI=",
    "last_login": null,
    "email": "wferrai12@nps.gov",
    "username": "",
    "first_name": "Waring",
    "date_of_birth": "1943-10-26",
    "sex": "man",
    "preferences": null,
    "star_sign": "Scorpio",
    "questions": 39,
    "latitude": "51.5485",
    "longitude": "-0.11802",
    "occupation": "Actuary",
    "bio": "Lorem ipsum dolor sit amet, consectetur adipiscing elit. Cras purus augue, dignissim nec risus ac, laoreet viverra turpis. Sed odio sem, elementum sit amet interdum in, gravida ac massa.",
    "conversations": [],
    "matches": [],
    "rejected": [],
    "images": []
  }
},
{
  "model": "people_app.user",
  "pk": 40,
  "fields": {
    "password": "pbkdf2_sha256$180000$sam6PysnYtAX$GWaYJiio4P77I3je2xKocIoYxslyukm12mJ+LMyXO0A=",
    "last_login": null,
    "email": "lparsonage13@wiley.com",
    "username": "",
    "first_name": "Lilith",
    "date_of_birth": "1972-04-11",
    "sex": "woman",
    "preferences": null,
    "star_sign": "Aries",
    "questions": 40,
    "latitude": "51.54326",
    "longitude": "-0.11544",
    "occupation": "Graphic Designer",
    "bio": "Lorem ipsum dolor sit amet, consectetur adipiscing elit. Cras purus augue, dignissim nec risus ac, laoreet viverra turpis. Sed odio sem, elementum sit amet interdum in, gravida ac massa.",
    "conversations": [],
    "matches": [],
    "rejected": [],
    "images": []
  }
},
{
  "model": "people_app.user",
  "pk": 41,
  "fields": {
    "password": "pbkdf2_sha256$180000$qVHnv8quO22P$NfDDMHpVpm2WHNl88FMwriAuLzDZdLcdMI2DDMYaHKo=",
    "last_login": null,
    "email": "amcgorley14@wikimedia.org",
    "username": "",
    "first_name": "Angela",
    "date_of_birth": "1925-09-05",
    "sex": "woman",
    "preferences": null,
    "star_sign": "Virgo",
    "questions": 41,
    "latitude": "51.54192",
    "longitude": "-0.13981",
    "occupation": "Programmer Analyst I",
    "bio": "Lorem ipsum dolor sit amet, consectetur adipiscing elit. Cras purus augue, dignissim nec risus ac, laoreet viverra turpis. Sed odio sem, elementum sit amet interdum in, gravida ac massa.",
    "conversations": [],
    "matches": [],
    "rejected": [],
    "images": []
  }
},
{
  "model": "people_app.user",
  "pk": 42,
  "fields": {
    "password": "pbkdf2_sha256$180000$tTc2XHv30c3l$OLwCzmvxPfbsjt5rcFOu+rPP6gsd/jXHiOi/YqEv7vI=",
    "last_login": null,
    "email": "zneasam15@tmall.com",
    "username": "",
    "first_name": "Zorana",
    "date_of_birth": "2000-11-25",
    "sex": "woman",
    "preferences": null,
    "star_sign": "Sagittarius",
    "questions": 42,
    "latitude": "51.5393",
    "longitude": "-0.14316",
    "occupation": "Senior Sales Associate",
    "bio": "Lorem ipsum dolor sit amet, consectetur adipiscing elit. Cras purus augue, dignissim nec risus ac, laoreet viverra turpis. Sed odio sem, elementum sit amet interdum in, gravida ac massa.",
    "conversations": [],
    "matches": [],
    "rejected": [
      104
    ],
    "images": []
  }
},
{
  "model": "people_app.user",
  "pk": 43,
  "fields": {
    "password": "pbkdf2_sha256$180000$GmzSSyfmzeJy$0N73Xp6bdKpddSeCAhSIM2ByxAtWOdpIFjyyNJqvUsI=",
    "last_login": null,
    "email": "pknight16@posterous.com",
    "username": "",
    "first_name": "Parnell",
    "date_of_birth": "1957-01-27",
    "sex": "man",
    "preferences": null,
    "star_sign": "Aquarius",
    "questions": 43,
    "latitude": "51.70522733",
    "longitude": "-0.610986426",
    "occupation": "Civil Engineer",
    "bio": "Lorem ipsum dolor sit amet, consectetur adipiscing elit. Cras purus augue, dignissim nec risus ac, laoreet viverra turpis. Sed odio sem, elementum sit amet interdum in, gravida ac massa.",
    "conversations": [],
    "matches": [],
    "rejected": [],
    "images": []
  }
},
{
  "model": "people_app.user",
  "pk": 44,
  "fields": {
    "password": "pbkdf2_sha256$180000$3FrTkgipkV22$erht5CAZrMs0zyQyk5iqt8a3/0esqDkzTVNICrVXfRY=",
    "last_login": null,
    "email": "dgurnay17@nature.com",
    "username": "",
    "first_name": "Demeter",
    "date_of_birth": "1921-10-06",
    "sex": "man",
    "preferences": null,
    "star_sign": "Libra",
    "questions": 44,
    "latitude": "51.50362",
    "longitude": "-0.01987",
    "occupation": "Nurse Practicioner",
    "bio": "Lorem ipsum dolor sit amet, consectetur adipiscing elit. Cras purus augue, dignissim nec risus ac, laoreet viverra turpis. Sed odio sem, elementum sit amet interdum in, gravida ac massa.",
    "conversations": [],
    "matches": [],
    "rejected": [],
    "images": []
  }
},
{
  "model": "people_app.user",
  "pk": 45,
  "fields": {
    "password": "pbkdf2_sha256$180000$wmWiTuWSWbzk$fkgWJSKRndbIf9OqMSQapN+Cs5ePwr8v+kwRODpQK0o=",
    "last_login": null,
    "email": "kbetun18@blinklist.com",
    "username": "",
    "first_name": "Kelwin",
    "date_of_birth": "1995-05-14",
    "sex": "man",
    "preferences": null,
    "star_sign": "Taurus",
    "questions": 45,
    "latitude": "51.51141",
    "longitude": "-0.09047",
    "occupation": "General Manager",
    "bio": "Lorem ipsum dolor sit amet, consectetur adipiscing elit. Cras purus augue, dignissim nec risus ac, laoreet viverra turpis. Sed odio sem, elementum sit amet interdum in, gravida ac massa.",
    "conversations": [
      15
    ],
    "matches": [
      10
    ],
    "rejected": [],
    "images": []
  }
},
{
  "model": "people_app.user",
  "pk": 46,
  "fields": {
    "password": "pbkdf2_sha256$180000$MJ9FzzMzhMa1$1JIpzPyBHQNy8bPKjC6jUyjSzrqOSGHYrXdywVNdPNQ=",
    "last_login": null,
    "email": "rwalas19@hatena.ne.jp",
    "username": "",
    "first_name": "Rab",
    "date_of_birth": "1958-11-29",
    "sex": "woman",
    "preferences": null,
    "star_sign": "Sagittarius",
    "questions": 46,
    "latitude": "51.54822",
    "longitude": "-0.09632",
    "occupation": "Accountant III",
    "bio": "Lorem ipsum dolor sit amet, consectetur adipiscing elit. Cras purus augue, dignissim nec risus ac, laoreet viverra turpis. Sed odio sem, elementum sit amet interdum in, gravida ac massa.",
    "conversations": [],
    "matches": [],
    "rejected": [],
    "images": []
  }
},
{
  "model": "people_app.user",
  "pk": 47,
  "fields": {
    "password": "pbkdf2_sha256$180000$qxK2RinDlvuR$LjIT4bRPUYJ2jcbI9UXNKul3PlytgG3kn2SSbb6AK/A=",
    "last_login": null,
    "email": "wheiden1a@rambler.ru",
    "username": "",
    "first_name": "Whittaker",
    "date_of_birth": "2000-08-20",
    "sex": "man",
    "preferences": null,
    "star_sign": "Leo",
    "questions": 47,
    "latitude": "51.6081",
    "longitude": "-0.29487",
    "occupation": "Registered Nurse",
    "bio": "Lorem ipsum dolor sit amet, consectetur adipiscing elit. Cras purus augue, dignissim nec risus ac, laoreet viverra turpis. Sed odio sem, elementum sit amet interdum in, gravida ac massa.",
    "conversations": [],
    "matches": [],
    "rejected": [],
    "images": []
  }
},
{
  "model": "people_app.user",
  "pk": 48,
  "fields": {
    "password": "pbkdf2_sha256$180000$3SgnHUE3ZutH$8rKnUI4ayue+3orM59BORPge5kAI6RH0Wfva1mKLJ3U=",
    "last_login": null,
    "email": "bsimner1b@businessinsider.com",
    "username": "",
    "first_name": "Birgit",
    "date_of_birth": "1964-07-10",
    "sex": "woman",
    "preferences": null,
    "star_sign": "Cancer",
    "questions": 48,
    "latitude": "51.66822",
    "longitude": "-0.56053",
    "occupation": "Web Developer IV",
    "bio": "Lorem ipsum dolor sit amet, consectetur adipiscing elit. Cras purus augue, dignissim nec risus ac, laoreet viverra turpis. Sed odio sem, elementum sit amet interdum in, gravida ac massa.",
    "conversations": [],
    "matches": [],
    "rejected": [],
    "images": []
  }
},
{
  "model": "people_app.user",
  "pk": 49,
  "fields": {
    "password": "pbkdf2_sha256$180000$lBi76S8ws9cP$OT0vTh2SvMo+oEVWjSbi4g/VlGASxWT0UuGhFsjZoSc=",
    "last_login": null,
    "email": "tfulkes1c@usatoday.com",
    "username": "",
    "first_name": "Taffy",
    "date_of_birth": "1973-02-13",
    "sex": "woman",
    "preferences": null,
    "star_sign": "Aquarius",
    "questions": 49,
    "latitude": "51.5439",
    "longitude": "-0.15384",
    "occupation": "Senior Editor",
    "bio": "Lorem ipsum dolor sit amet, consectetur adipiscing elit. Cras purus augue, dignissim nec risus ac, laoreet viverra turpis. Sed odio sem, elementum sit amet interdum in, gravida ac massa.",
    "conversations": [],
    "matches": [],
    "rejected": [],
    "images": []
  }
},
{
  "model": "people_app.user",
  "pk": 50,
  "fields": {
    "password": "pbkdf2_sha256$180000$8B9mJHxOwNp6$yXjxdqPeXP8VMjES8eoRHEOKUCiGvhjlK/ai5Tsg3/U=",
    "last_login": null,
    "email": "klafferty1d@fema.gov",
    "username": "",
    "first_name": "Karel",
    "date_of_birth": "1989-09-01",
    "sex": "woman",
    "preferences": null,
    "star_sign": "Virgo",
    "questions": 50,
    "latitude": "51.51836",
    "longitude": "-0.11115",
    "occupation": "Physical Therapy Assistant",
    "bio": "Lorem ipsum dolor sit amet, consectetur adipiscing elit. Cras purus augue, dignissim nec risus ac, laoreet viverra turpis. Sed odio sem, elementum sit amet interdum in, gravida ac massa.",
    "conversations": [],
    "matches": [],
    "rejected": [],
    "images": []
  }
},
{
  "model": "people_app.user",
  "pk": 51,
  "fields": {
    "password": "pbkdf2_sha256$180000$hSLsZx8i0SYY$3DC9NER0WTweTwktcy7O9wH/LTCEtXjrlM5cYqCQ95I=",
    "last_login": null,
    "email": "snutkins1e@usnews.com",
    "username": "",
    "first_name": "Sara-Jane",
    "date_of_birth": "1976-01-07",
    "sex": "woman",
    "preferences": null,
    "star_sign": "Capricorn",
    "questions": 51,
    "latitude": "51.507108",
    "longitude": "-0.122963",
    "occupation": "Automation Specialist III",
    "bio": "Lorem ipsum dolor sit amet, consectetur adipiscing elit. Cras purus augue, dignissim nec risus ac, laoreet viverra turpis. Sed odio sem, elementum sit amet interdum in, gravida ac massa.",
    "conversations": [],
    "matches": [],
    "rejected": [],
    "images": []
  }
},
{
  "model": "people_app.user",
  "pk": 52,
  "fields": {
    "password": "pbkdf2_sha256$180000$hof2OsmSaKSO$hDxW0FS1N/yubeOh7KkTMTdd8c1h3crXudsATbCbtcE=",
    "last_login": null,
    "email": "cswettenham1f@boston.com",
    "username": "",
    "first_name": "Cory",
    "date_of_birth": "1989-08-21",
    "sex": "man",
    "preferences": null,
    "star_sign": "Leo",
    "questions": 52,
    "latitude": "51.70522733",
    "longitude": "-0.610986426",
    "occupation": "Speech Pathologist",
    "bio": "Lorem ipsum dolor sit amet, consectetur adipiscing elit. Cras purus augue, dignissim nec risus ac, laoreet viverra turpis. Sed odio sem, elementum sit amet interdum in, gravida ac massa.",
    "conversations": [],
    "matches": [],
    "rejected": [],
    "images": []
  }
},
{
  "model": "people_app.user",
  "pk": 53,
  "fields": {
    "password": "pbkdf2_sha256$180000$THe4auD187eC$PQQ4/Uvd18abX2OVU9NBlrtqxz382gJfGlnU0ar1Q2k=",
    "last_login": null,
    "email": "ngravey1g@mit.edu",
    "username": "",
    "first_name": "Niall",
    "date_of_birth": "1983-12-17",
    "sex": "man",
    "preferences": null,
    "star_sign": "Sagittarius",
    "questions": 53,
    "latitude": "51.61795",
    "longitude": "0.07511",
    "occupation": "Social Worker",
    "bio": "Lorem ipsum dolor sit amet, consectetur adipiscing elit. Cras purus augue, dignissim nec risus ac, laoreet viverra turpis. Sed odio sem, elementum sit amet interdum in, gravida ac massa.",
    "conversations": [
      8,
      12,
      25
    ],
    "matches": [
      108,
      10,
      100
    ],
    "rejected": [],
    "images": []
  }
},
{
  "model": "people_app.user",
  "pk": 54,
  "fields": {
    "password": "pbkdf2_sha256$180000$MNjsmYSxv84L$Ar59RpiEw/fYl6IZ293lJPtv821xLeDWWfJtzai8/T0=",
    "last_login": null,
    "email": "nfake1h@cdc.gov",
    "username": "",
    "first_name": "Nerty",
    "date_of_birth": "1997-11-02",
    "sex": "man",
    "preferences": null,
    "star_sign": "Scorpio",
    "questions": 54,
    "latitude": "51.49466",
    "longitude": "-0.26866",
    "occupation": "Product Engineer",
    "bio": "Lorem ipsum dolor sit amet, consectetur adipiscing elit. Cras purus augue, dignissim nec risus ac, laoreet viverra turpis. Sed odio sem, elementum sit amet interdum in, gravida ac massa.",
    "conversations": [],
    "matches": [],
    "rejected": [],
    "images": []
  }
},
{
  "model": "people_app.user",
  "pk": 55,
  "fields": {
    "password": "pbkdf2_sha256$180000$61jW0xWN0yJz$hhs4lUlBXdBlOm6SprW+cim92vTJg7Zsz5s3ZMUwqUQ=",
    "last_login": null,
    "email": "yjahns1i@earthlink.net",
    "username": "",
    "first_name": "Yance",
    "date_of_birth": "1952-05-21",
    "sex": "man",
    "preferences": null,
    "star_sign": "Taurus",
    "questions": 55,
    "latitude": "51.65429872",
    "longitude": "-0.518373353",
    "occupation": "Geologist II",
    "bio": "Lorem ipsum dolor sit amet, consectetur adipiscing elit. Cras purus augue, dignissim nec risus ac, laoreet viverra turpis. Sed odio sem, elementum sit amet interdum in, gravida ac massa.",
    "conversations": [],
    "matches": [],
    "rejected": [],
    "images": []
  }
},
{
  "model": "people_app.user",
  "pk": 56,
  "fields": {
    "password": "pbkdf2_sha256$180000$C9MWPXJYle5F$XohdiOQLKx+MRQcU65t1c2g7qGDIKFpHDacJiAIssOk=",
    "last_login": null,
    "email": "volerenshaw1j@g.co",
    "username": "",
    "first_name": "Valerye",
    "date_of_birth": "1979-01-25",
    "sex": "woman",
    "preferences": null,
    "star_sign": "Aquarius",
    "questions": 56,
    "latitude": "51.51416",
    "longitude": "-0.10335",
    "occupation": "Nurse",
    "bio": "Lorem ipsum dolor sit amet, consectetur adipiscing elit. Cras purus augue, dignissim nec risus ac, laoreet viverra turpis. Sed odio sem, elementum sit amet interdum in, gravida ac massa.",
    "conversations": [],
    "matches": [],
    "rejected": [
      10
    ],
    "images": []
  }
},
{
  "model": "people_app.user",
  "pk": 57,
  "fields": {
    "password": "pbkdf2_sha256$180000$SiPt54yLn8YW$zQeLEBbrqE0bY4fM8jHh0cihIyRkGt0bGzWkoXNwLNo=",
    "last_login": null,
    "email": "pkighly1k@nps.gov",
    "username": "",
    "first_name": "Penrod",
    "date_of_birth": "1973-04-19",
    "sex": "man",
    "preferences": null,
    "star_sign": "Aries",
    "questions": 57,
    "latitude": "51.46156",
    "longitude": "-0.13802",
    "occupation": "VP Quality Control",
    "bio": "Lorem ipsum dolor sit amet, consectetur adipiscing elit. Cras purus augue, dignissim nec risus ac, laoreet viverra turpis. Sed odio sem, elementum sit amet interdum in, gravida ac massa.",
    "conversations": [],
    "matches": [],
    "rejected": [],
    "images": []
  }
},
{
  "model": "people_app.user",
  "pk": 58,
  "fields": {
    "password": "pbkdf2_sha256$180000$AeaWWTEVJb7B$DxVRuq1KhNu3gkcVAjKt2s+JcmGILEoTsei35KK86Rk=",
    "last_login": null,
    "email": "cgallagher1l@tmall.com",
    "username": "",
    "first_name": "Cordey",
    "date_of_birth": "1942-01-05",
    "sex": "man",
    "preferences": null,
    "star_sign": "Capricorn",
    "questions": 58,
    "latitude": "51.46522",
    "longitude": "-0.1295",
    "occupation": "Programmer Analyst III",
    "bio": "Lorem ipsum dolor sit amet, consectetur adipiscing elit. Cras purus augue, dignissim nec risus ac, laoreet viverra turpis. Sed odio sem, elementum sit amet interdum in, gravida ac massa.",
    "conversations": [],
    "matches": [],
    "rejected": [],
    "images": []
  }
},
{
  "model": "people_app.user",
  "pk": 59,
  "fields": {
    "password": "pbkdf2_sha256$180000$AivSXCOc9iTZ$1bCeGwaJsdvm3U1KGosbWC1OhiUm+sZG1laP/M1X5GM=",
    "last_login": null,
    "email": "sfurnell1m@tmall.com",
    "username": "",
    "first_name": "Sheffy",
    "date_of_birth": "1987-03-25",
    "sex": "woman",
    "preferences": null,
    "star_sign": "Aries",
    "questions": 59,
    "latitude": "51.45292257",
    "longitude": "-0.147562148",
    "occupation": "Librarian",
    "bio": "Lorem ipsum dolor sit amet, consectetur adipiscing elit. Cras purus augue, dignissim nec risus ac, laoreet viverra turpis. Sed odio sem, elementum sit amet interdum in, gravida ac massa.",
    "conversations": [],
    "matches": [],
    "rejected": [],
    "images": []
  }
},
{
  "model": "people_app.user",
  "pk": 60,
  "fields": {
    "password": "pbkdf2_sha256$180000$IEZRuJFqgraw$qCdOoyckPxUDyBrL/DAs+UssRCU2hUfJkcse/hNh4I8=",
    "last_login": null,
    "email": "lbartholomew1n@amazon.de",
    "username": "",
    "first_name": "Levy",
    "date_of_birth": "1928-06-02",
    "sex": "man",
    "preferences": null,
    "star_sign": "Gemini",
    "questions": 60,
    "latitude": "51.65117",
    "longitude": "-0.14811",
    "occupation": "VP Marketing",
    "bio": "Lorem ipsum dolor sit amet, consectetur adipiscing elit. Cras purus augue, dignissim nec risus ac, laoreet viverra turpis. Sed odio sem, elementum sit amet interdum in, gravida ac massa.",
    "conversations": [],
    "matches": [],
    "rejected": [],
    "images": []
  }
},
{
  "model": "people_app.user",
  "pk": 61,
  "fields": {
    "password": "pbkdf2_sha256$180000$ck76dMpYQBo0$8EDZoQ1lrZQee53YQ3JCG2zjoYjmA5WLKIruXEIoOh8=",
    "last_login": null,
    "email": "karger1o@soup.io",
    "username": "",
    "first_name": "Konstantin",
    "date_of_birth": "1955-09-15",
    "sex": "man",
    "preferences": null,
    "star_sign": "Virgo",
    "questions": 61,
    "latitude": "51.59556",
    "longitude": "-0.24996",
    "occupation": "Marketing Manager",
    "bio": "Lorem ipsum dolor sit amet, consectetur adipiscing elit. Cras purus augue, dignissim nec risus ac, laoreet viverra turpis. Sed odio sem, elementum sit amet interdum in, gravida ac massa.",
    "conversations": [],
    "matches": [],
    "rejected": [],
    "images": []
  }
},
{
  "model": "people_app.user",
  "pk": 62,
  "fields": {
    "password": "pbkdf2_sha256$180000$ejKpRwH7Ajro$EJeMfEXW0Y+W/NnoCI+/SgYcjGgxL9djnmxt3VAQa4U=",
    "last_login": null,
    "email": "mpideon1p@xinhuanet.com",
    "username": "",
    "first_name": "Moira",
    "date_of_birth": "1975-12-24",
    "sex": "woman",
    "preferences": null,
    "star_sign": "Capricorn",
    "questions": 62,
    "latitude": "51.41823649",
    "longitude": "-0.17800983",
    "occupation": "Structural Analysis Engineer",
    "bio": "Lorem ipsum dolor sit amet, consectetur adipiscing elit. Cras purus augue, dignissim nec risus ac, laoreet viverra turpis. Sed odio sem, elementum sit amet interdum in, gravida ac massa.",
    "conversations": [],
    "matches": [],
    "rejected": [],
    "images": []
  }
},
{
  "model": "people_app.user",
  "pk": 63,
  "fields": {
    "password": "pbkdf2_sha256$180000$Ity0qRaX6L4i$Dct2PlX/i3LcXq1meY3IFQPQ7/PMHmgfM/Fnzt7G4yk=",
    "last_login": null,
    "email": "gdranfield1q@livejournal.com",
    "username": "",
    "first_name": "Goldie",
    "date_of_birth": "1975-12-24",
    "sex": "woman",
    "preferences": null,
    "star_sign": "Capricorn",
    "questions": 63,
    "latitude": "51.51308",
    "longitude": "-0.12427",
    "occupation": "Environmental Tech",
    "bio": "Lorem ipsum dolor sit amet, consectetur adipiscing elit. Cras purus augue, dignissim nec risus ac, laoreet viverra turpis. Sed odio sem, elementum sit amet interdum in, gravida ac massa.",
    "conversations": [],
    "matches": [],
    "rejected": [],
    "images": []
  }
},
{
  "model": "people_app.user",
  "pk": 64,
  "fields": {
    "password": "pbkdf2_sha256$180000$qF6VKJf7ZWbT$w51kMSp684zY+TQ6e+W4lX5HYg8dDSxtK5oPyKHJ3a0=",
    "last_login": null,
    "email": "ctucsell1r@irs.gov",
    "username": "",
    "first_name": "Cliff",
    "date_of_birth": "1989-12-06",
    "sex": "man",
    "preferences": null,
    "star_sign": "Sagittarius",
    "questions": 64,
    "latitude": "51.64733268",
    "longitude": "-0.441479115",
    "occupation": "Editor",
    "bio": "Lorem ipsum dolor sit amet, consectetur adipiscing elit. Cras purus augue, dignissim nec risus ac, laoreet viverra turpis. Sed odio sem, elementum sit amet interdum in, gravida ac massa.",
    "conversations": [
      3
    ],
    "matches": [
      100
    ],
    "rejected": [],
    "images": []
  }
},
{
  "model": "people_app.user",
  "pk": 65,
  "fields": {
    "password": "pbkdf2_sha256$180000$mrvBBAavgrCm$yL+G3u8SRlF0JBq35x0u7NLLJX+nH35Bubz3BA/c2dU=",
    "last_login": null,
    "email": "oknotton1s@live.com",
    "username": "",
    "first_name": "Olympe",
    "date_of_birth": "1964-05-01",
    "sex": "man",
    "preferences": null,
    "star_sign": "Taurus",
    "questions": 65,
    "latitude": "51.54396",
    "longitude": "0.16439",
    "occupation": "Geologist II",
    "bio": "Lorem ipsum dolor sit amet, consectetur adipiscing elit. Cras purus augue, dignissim nec risus ac, laoreet viverra turpis. Sed odio sem, elementum sit amet interdum in, gravida ac massa.",
    "conversations": [],
    "matches": [],
    "rejected": [],
    "images": []
  }
},
{
  "model": "people_app.user",
  "pk": 66,
  "fields": {
    "password": "pbkdf2_sha256$180000$ftHYBTkRKzfm$mFWzt9V2FvtwYAY6Io/QLj6FsUKJsXMk3L4OF+5xrbg=",
    "last_login": null,
    "email": "rbampfield1t@globo.com",
    "username": "",
    "first_name": "Roselle",
    "date_of_birth": "1976-09-12",
    "sex": "woman",
    "preferences": null,
    "star_sign": "Virgo",
    "questions": 66,
    "latitude": "51.54173",
    "longitude": "0.14543",
    "occupation": "Information Systems Manager",
    "bio": "Lorem ipsum dolor sit amet, consectetur adipiscing elit. Cras purus augue, dignissim nec risus ac, laoreet viverra turpis. Sed odio sem, elementum sit amet interdum in, gravida ac massa.",
    "conversations": [],
    "matches": [],
    "rejected": [],
    "images": []
  }
},
{
  "model": "people_app.user",
  "pk": 67,
  "fields": {
    "password": "pbkdf2_sha256$180000$JAEknBatIBgh$ZYS5zoByFm/AdpiU5KkACrAqM2GtQc0F2jxRUn/mtck=",
    "last_login": null,
    "email": "ggush1u@stumbleupon.com",
    "username": "",
    "first_name": "Garnette",
    "date_of_birth": "1958-10-19",
    "sex": "woman",
    "preferences": null,
    "star_sign": "Libra",
    "questions": 67,
    "latitude": "51.54832",
    "longitude": "-0.07879",
    "occupation": "Social Worker",
    "bio": "Lorem ipsum dolor sit amet, consectetur adipiscing elit. Cras purus augue, dignissim nec risus ac, laoreet viverra turpis. Sed odio sem, elementum sit amet interdum in, gravida ac massa.",
    "conversations": [],
    "matches": [],
    "rejected": [],
    "images": []
  }
},
{
  "model": "people_app.user",
  "pk": 68,
  "fields": {
    "password": "pbkdf2_sha256$180000$Kh9ShtMK5hlW$ajjFko+iN6MAmUpbo/9w2xHIzwoIEHWVlkkEjcHSSHs=",
    "last_login": null,
    "email": "rserrurier1v@meetup.com",
    "username": "",
    "first_name": "Reta",
    "date_of_birth": "1944-01-01",
    "sex": "woman",
    "preferences": null,
    "star_sign": "Capricorn",
    "questions": 68,
    "latitude": "51.64535",
    "longitude": "0.08364",
    "occupation": "VP Sales",
    "bio": "Lorem ipsum dolor sit amet, consectetur adipiscing elit. Cras purus augue, dignissim nec risus ac, laoreet viverra turpis. Sed odio sem, elementum sit amet interdum in, gravida ac massa.",
    "conversations": [],
    "matches": [],
    "rejected": [],
    "images": []
  }
},
{
  "model": "people_app.user",
  "pk": 69,
  "fields": {
    "password": "pbkdf2_sha256$180000$mK4Ejv7Df0f1$IRLacUe+iy2tHSmMpPtQ51YWR3KvMmplV46DEITCJmA=",
    "last_login": null,
    "email": "dcratchley1w@shareasale.com",
    "username": "",
    "first_name": "Donetta",
    "date_of_birth": "1956-02-02",
    "sex": "woman",
    "preferences": null,
    "star_sign": "Aquarius",
    "questions": 69,
    "latitude": "51.5525",
    "longitude": "-0.23884",
    "occupation": "Health Coach I",
    "bio": "Lorem ipsum dolor sit amet, consectetur adipiscing elit. Cras purus augue, dignissim nec risus ac, laoreet viverra turpis. Sed odio sem, elementum sit amet interdum in, gravida ac massa.",
    "conversations": [],
    "matches": [],
    "rejected": [],
    "images": []
  }
},
{
  "model": "people_app.user",
  "pk": 70,
  "fields": {
    "password": "pbkdf2_sha256$180000$fSu1BiAZjUAg$c2HbeLO2qd+N6nEHZ3o0IAXV1VChwZBCPOMjaJp+L6s=",
    "last_login": null,
    "email": "lshrigley1x@yale.edu",
    "username": "",
    "first_name": "Lenora",
    "date_of_birth": "1949-07-04",
    "sex": "woman",
    "preferences": null,
    "star_sign": "Cancer",
    "questions": 70,
    "latitude": "51.51482",
    "longitude": "-0.30118",
    "occupation": "Actuary",
    "bio": "Lorem ipsum dolor sit amet, consectetur adipiscing elit. Cras purus augue, dignissim nec risus ac, laoreet viverra turpis. Sed odio sem, elementum sit amet interdum in, gravida ac massa.",
    "conversations": [],
    "matches": [],
    "rejected": [],
    "images": []
  }
},
{
  "model": "people_app.user",
  "pk": 71,
  "fields": {
    "password": "pbkdf2_sha256$180000$x5KslMKhcZcy$Ytl0vz3i8jqJ/2ZPwCV8O5MEeM07Fnv5moVjox2VCbA=",
    "last_login": null,
    "email": "seplate1y@europa.eu",
    "username": "",
    "first_name": "Sianna",
    "date_of_birth": "1970-08-02",
    "sex": "woman",
    "preferences": null,
    "star_sign": "Leo",
    "questions": 71,
    "latitude": "51.50997",
    "longitude": "-0.28825",
    "occupation": "Speech Pathologist",
    "bio": "Lorem ipsum dolor sit amet, consectetur adipiscing elit. Cras purus augue, dignissim nec risus ac, laoreet viverra turpis. Sed odio sem, elementum sit amet interdum in, gravida ac massa.",
    "conversations": [],
    "matches": [],
    "rejected": [],
    "images": []
  }
},
{
  "model": "people_app.user",
  "pk": 72,
  "fields": {
    "password": "pbkdf2_sha256$180000$alMIwLpIhQe0$f8tWg0VV3G5KkztFpzEuMN/FJYh/51pBTqdxfmKeLM0=",
    "last_login": null,
    "email": "lolenchenko1z@bravesites.com",
    "username": "",
    "first_name": "Loralie",
    "date_of_birth": "0993-11-25",
    "sex": "woman",
    "preferences": null,
    "star_sign": "Sagittarius",
    "questions": 72,
    "latitude": "51.491521",
    "longitude": "-0.193906",
    "occupation": "Project Manager",
    "bio": "Lorem ipsum dolor sit amet, consectetur adipiscing elit. Cras purus augue, dignissim nec risus ac, laoreet viverra turpis. Sed odio sem, elementum sit amet interdum in, gravida ac massa.",
    "conversations": [],
    "matches": [],
    "rejected": [],
    "images": []
  }
},
{
  "model": "people_app.user",
  "pk": 73,
  "fields": {
    "password": "pbkdf2_sha256$180000$HPkLChCwUesu$3rgxtj9mnB5z/XlqDlVffcqGeOICQNX17M3o+Pbgt9s=",
    "last_login": null,
    "email": "ialvarado20@php.net",
    "username": "",
    "first_name": "Ingram",
    "date_of_birth": "1949-04-16",
    "sex": "woman",
    "preferences": null,
    "star_sign": "Aries",
    "questions": 73,
    "latitude": "51.51753",
    "longitude": "-0.24827",
    "occupation": "Professor",
    "bio": "Lorem ipsum dolor sit amet, consectetur adipiscing elit. Cras purus augue, dignissim nec risus ac, laoreet viverra turpis. Sed odio sem, elementum sit amet interdum in, gravida ac massa.",
    "conversations": [],
    "matches": [],
    "rejected": [],
    "images": []
  }
},
{
  "model": "people_app.user",
  "pk": 74,
  "fields": {
    "password": "pbkdf2_sha256$180000$jvk9iyqn7oLW$MheX/2BU7VpRDXYb2ZFi+bYyAuPUyc1CCBZmAeFp5Wc=",
    "last_login": null,
    "email": "tdisbury21@craigslist.org",
    "username": "",
    "first_name": "Tayla",
    "date_of_birth": "1935-10-13",
    "sex": "woman",
    "preferences": null,
    "star_sign": "Libra",
    "questions": 74,
    "latitude": "51.5872974705487",
    "longitude": "-0.16495632312818",
    "occupation": "Analyst Programmer",
    "bio": "Lorem ipsum dolor sit amet, consectetur adipiscing elit. Cras purus augue, dignissim nec risus ac, laoreet viverra turpis. Sed odio sem, elementum sit amet interdum in, gravida ac massa.",
    "conversations": [],
    "matches": [],
    "rejected": [],
    "images": []
  }
},
{
  "model": "people_app.user",
  "pk": 75,
  "fields": {
    "password": "pbkdf2_sha256$180000$yi95W2JMZnhD$EjMPPWzm7T51bODLABi2WlC9tTwWHLHJVYk5t3Uz3xg=",
    "last_login": null,
    "email": "ekingscott22@illinois.edu",
    "username": "",
    "first_name": "Else",
    "date_of_birth": "2000-03-19",
    "sex": "woman",
    "preferences": null,
    "star_sign": "Pisces",
    "questions": 75,
    "latitude": "51.53931",
    "longitude": "0.0526",
    "occupation": "Nuclear Power Engineer",
    "bio": "Lorem ipsum dolor sit amet, consectetur adipiscing elit. Cras purus augue, dignissim nec risus ac, laoreet viverra turpis. Sed odio sem, elementum sit amet interdum in, gravida ac massa.",
    "conversations": [],
    "matches": [],
    "rejected": [
      104
    ],
    "images": []
  }
},
{
  "model": "people_app.user",
  "pk": 76,
  "fields": {
    "password": "pbkdf2_sha256$180000$EAFDpVXhEIdD$wY1f2g1hjXf01z8TfTfC67jUirVeXs315v/vRcO8Exo=",
    "last_login": null,
    "email": "gspinelli23@weibo.com",
    "username": "",
    "first_name": "Gael",
    "date_of_birth": "1957-10-07",
    "sex": "man",
    "preferences": null,
    "star_sign": "Libra",
    "questions": 76,
    "latitude": "51.459015",
    "longitude": "-0.211138",
    "occupation": "Engineer II",
    "bio": "Lorem ipsum dolor sit amet, consectetur adipiscing elit. Cras purus augue, dignissim nec risus ac, laoreet viverra turpis. Sed odio sem, elementum sit amet interdum in, gravida ac massa.",
    "conversations": [],
    "matches": [],
    "rejected": [],
    "images": []
  }
},
{
  "model": "people_app.user",
  "pk": 77,
  "fields": {
    "password": "pbkdf2_sha256$180000$HFxs1pc3DYV4$nVM3MXgghQHMDVXUHK+C7Zi323bJbCpoqYM7FSYff0s=",
    "last_login": null,
    "email": "ayelden24@dedecms.com",
    "username": "",
    "first_name": "Artemis",
    "date_of_birth": "1982-11-25",
    "sex": "man",
    "preferences": null,
    "star_sign": "Sagittarius",
    "questions": 77,
    "latitude": "51.57676",
    "longitude": "-0.39629",
    "occupation": "Senior Developer",
    "bio": "Lorem ipsum dolor sit amet, consectetur adipiscing elit. Cras purus augue, dignissim nec risus ac, laoreet viverra turpis. Sed odio sem, elementum sit amet interdum in, gravida ac massa.",
    "conversations": [
      9
    ],
    "matches": [
      100
    ],
    "rejected": [],
    "images": []
  }
},
{
  "model": "people_app.user",
  "pk": 78,
  "fields": {
    "password": "pbkdf2_sha256$180000$AJlBefsafCwv$0em5kKRhnD6opnRLmdnQgRyqZOXpNZqrTBr64BkoIKM=",
    "last_login": null,
    "email": "vleport25@ocn.ne.jp",
    "username": "",
    "first_name": "Vince",
    "date_of_birth": "1945-06-04",
    "sex": "man",
    "preferences": null,
    "star_sign": "Gemini",
    "questions": 78,
    "latitude": "51.61385",
    "longitude": "-0.27515",
    "occupation": "Database Administrator II",
    "bio": "Lorem ipsum dolor sit amet, consectetur adipiscing elit. Cras purus augue, dignissim nec risus ac, laoreet viverra turpis. Sed odio sem, elementum sit amet interdum in, gravida ac massa.",
    "conversations": [],
    "matches": [],
    "rejected": [],
    "images": []
  }
},
{
  "model": "people_app.user",
  "pk": 79,
  "fields": {
    "password": "pbkdf2_sha256$180000$yrpE7cWrsysV$nMxRzWx+hNN6d7vm56NbNKqTorRBaIFhvGLLqCc5oyg=",
    "last_login": null,
    "email": "dforsdyke26@cam.ac.uk",
    "username": "",
    "first_name": "Dre",
    "date_of_birth": "2002-01-09",
    "sex": "man",
    "preferences": null,
    "star_sign": "Capricorn",
    "questions": 79,
    "latitude": "51.51956",
    "longitude": "-0.169068",
    "occupation": "Business Systems Development Analyst",
    "bio": "Lorem ipsum dolor sit amet, consectetur adipiscing elit. Cras purus augue, dignissim nec risus ac, laoreet viverra turpis. Sed odio sem, elementum sit amet interdum in, gravida ac massa.",
    "conversations": [],
    "matches": [],
    "rejected": [],
    "images": []
  }
},
{
  "model": "people_app.user",
  "pk": 80,
  "fields": {
    "password": "pbkdf2_sha256$180000$d8j7jwyo9ucc$1PNPx/ti4giz0hdq3qp1lzjBfb1LNe9I23NcdZB/fK4=",
    "last_login": null,
    "email": "fjon27@chronoengine.com",
    "username": "",
    "first_name": "Felicdad",
    "date_of_birth": "1991-01-31",
    "sex": "man",
    "preferences": 1,
    "star_sign": "Aquarius",
    "questions": 80,
    "latitude": "51.520195",
    "longitude": "-0.166986",
    "occupation": "VP Sales",
    "bio": "Lorem ipsum dolor sit amet, consectetur adipiscing elit. Cras purus augue, dignissim nec risus ac, laoreet viverra turpis. Sed odio sem, elementum sit amet interdum in, gravida ac massa.",
    "conversations": [
      14
    ],
    "matches": [
      10
    ],
    "rejected": [
      100
    ],
    "images": []
  }
},
{
  "model": "people_app.user",
  "pk": 81,
  "fields": {
    "password": "pbkdf2_sha256$180000$JnWJUD4ciieA$YjNwIluZ/acIpH7DFsxSOMIpFAII7nj6xkv+vvm/2tk=",
    "last_login": null,
    "email": "pwaudby28@dailymotion.com",
    "username": "",
    "first_name": "Phillip",
    "date_of_birth": "1944-10-04",
    "sex": "man",
    "preferences": null,
    "star_sign": "Libra",
    "questions": 81,
    "latitude": "51.49467",
    "longitude": "-0.10047",
    "occupation": "Mechanical Systems Engineer",
    "bio": "Lorem ipsum dolor sit amet, consectetur adipiscing elit. Cras purus augue, dignissim nec risus ac, laoreet viverra turpis. Sed odio sem, elementum sit amet interdum in, gravida ac massa.",
    "conversations": [],
    "matches": [],
    "rejected": [],
    "images": []
  }
},
{
  "model": "people_app.user",
  "pk": 82,
  "fields": {
    "password": "pbkdf2_sha256$180000$SLeFO55HyOeo$skhxF4h72NSZitejLBORBKpUCNs9UtQHqAfbIsJpnO4=",
    "last_login": null,
    "email": "jrandleson29@t-online.de",
    "username": "",
    "first_name": "Joete",
    "date_of_birth": "1939-02-17",
    "sex": "woman",
    "preferences": null,
    "star_sign": "Aquarius",
    "questions": 82,
    "latitude": "51.54969",
    "longitude": "0.19779",
    "occupation": "VP Sales",
    "bio": "Lorem ipsum dolor sit amet, consectetur adipiscing elit. Cras purus augue, dignissim nec risus ac, laoreet viverra turpis. Sed odio sem, elementum sit amet interdum in, gravida ac massa.",
    "conversations": [],
    "matches": [],
    "rejected": [],
    "images": []
  }
},
{
  "model": "people_app.user",
  "pk": 83,
  "fields": {
    "password": "pbkdf2_sha256$180000$P6RT4vZ3eeuR$rdn14bJ8YW0b6x8kV8AO/ymsC+GN0+U4DN5Pd6JcLaQ=",
    "last_login": null,
    "email": "hivanyutin2a@hp.com",
    "username": "",
    "first_name": "Haleigh",
    "date_of_birth": "1946-06-21",
    "sex": "woman",
    "preferences": null,
    "star_sign": "Gemini",
    "questions": 83,
    "latitude": "51.50717",
    "longitude": "-0.12195",
    "occupation": "Dental Hygienist",
    "bio": "Lorem ipsum dolor sit amet, consectetur adipiscing elit. Cras purus augue, dignissim nec risus ac, laoreet viverra turpis. Sed odio sem, elementum sit amet interdum in, gravida ac massa.",
    "conversations": [],
    "matches": [],
    "rejected": [],
    "images": []
  }
},
{
  "model": "people_app.user",
  "pk": 84,
  "fields": {
    "password": "pbkdf2_sha256$180000$eP0EetySwRZ0$mXipKqi/ATPQm2wnPiXDq7nUP2mg330EHJfNJB77+8Y=",
    "last_login": null,
    "email": "mdorricott2b@ihg.com",
    "username": "",
    "first_name": "Melva",
    "date_of_birth": "1924-11-07",
    "sex": "woman",
    "preferences": null,
    "star_sign": "Scorpio",
    "questions": 84,
    "latitude": "51.69365",
    "longitude": "0.11495",
    "occupation": "Civil Engineer",
    "bio": "Lorem ipsum dolor sit amet, consectetur adipiscing elit. Cras purus augue, dignissim nec risus ac, laoreet viverra turpis. Sed odio sem, elementum sit amet interdum in, gravida ac massa.",
    "conversations": [],
    "matches": [],
    "rejected": [],
    "images": []
  }
},
{
  "model": "people_app.user",
  "pk": 85,
  "fields": {
    "password": "pbkdf2_sha256$180000$qSFS4GPFEHvR$V9yWw3Tf16PMAz8VoUg7JTZyi2YOuokdZC4TodopwwQ=",
    "last_login": null,
    "email": "songin2c@so-net.ne.jp",
    "username": "",
    "first_name": "Sasha",
    "date_of_birth": "1943-09-20",
    "sex": "woman",
    "preferences": null,
    "star_sign": "Virgo",
    "questions": 85,
    "latitude": "51.52774",
    "longitude": "-0.13303",
    "occupation": "Administrative Officer",
    "bio": "Lorem ipsum dolor sit amet, consectetur adipiscing elit. Cras purus augue, dignissim nec risus ac, laoreet viverra turpis. Sed odio sem, elementum sit amet interdum in, gravida ac massa.",
    "conversations": [],
    "matches": [],
    "rejected": [],
    "images": []
  }
},
{
  "model": "people_app.user",
  "pk": 86,
  "fields": {
    "password": "pbkdf2_sha256$180000$SvQ3svIqL6rg$v1ffVLreFxGt3y/qUQhO5QfAZ7JN2ucX6MMbxZYU40w=",
    "last_login": null,
    "email": "cpund2d@cdc.gov",
    "username": "",
    "first_name": "Chariot",
    "date_of_birth": "1956-12-04",
    "sex": "woman",
    "preferences": null,
    "star_sign": "Sagittarius",
    "questions": 86,
    "latitude": "51.52584",
    "longitude": "-0.1357",
    "occupation": "Software Consultant",
    "bio": "Lorem ipsum dolor sit amet, consectetur adipiscing elit. Cras purus augue, dignissim nec risus ac, laoreet viverra turpis. Sed odio sem, elementum sit amet interdum in, gravida ac massa.",
    "conversations": [],
    "matches": [],
    "rejected": [],
    "images": []
  }
},
{
  "model": "people_app.user",
  "pk": 87,
  "fields": {
    "password": "pbkdf2_sha256$180000$K5AGsu2kHp0G$sDpxH5ayncqhOuTXPFfTME1YVPAM1XTEYXujZiavNrU=",
    "last_login": null,
    "email": "ikolakovic2e@wisc.edu",
    "username": "",
    "first_name": "Ingamar",
    "date_of_birth": "1941-11-11",
    "sex": "woman",
    "preferences": null,
    "star_sign": "Scorpio",
    "questions": 87,
    "latitude": "51.59634",
    "longitude": "0.09125",
    "occupation": "Research Nurse",
    "bio": "Lorem ipsum dolor sit amet, consectetur adipiscing elit. Cras purus augue, dignissim nec risus ac, laoreet viverra turpis. Sed odio sem, elementum sit amet interdum in, gravida ac massa.",
    "conversations": [],
    "matches": [],
    "rejected": [],
    "images": []
  }
},
{
  "model": "people_app.user",
  "pk": 88,
  "fields": {
    "password": "pbkdf2_sha256$180000$PT5DxgGdRXhF$Th9mErt76Kd1C6Ajib6SegQlKe4ICsDxKxCawaVfyoE=",
    "last_login": null,
    "email": "hsowrey2f@xing.com",
    "username": "",
    "first_name": "Hort",
    "date_of_birth": "1985-01-15",
    "sex": "man",
    "preferences": null,
    "star_sign": "Capricorn",
    "questions": 88,
    "latitude": "51.520362948",
    "longitude": "-0.105126482",
    "occupation": "General Manager",
    "bio": "Lorem ipsum dolor sit amet, consectetur adipiscing elit. Cras purus augue, dignissim nec risus ac, laoreet viverra turpis. Sed odio sem, elementum sit amet interdum in, gravida ac massa.",
    "conversations": [
      10
    ],
    "matches": [
      100
    ],
    "rejected": [],
    "images": []
  }
},
{
  "model": "people_app.user",
  "pk": 89,
  "fields": {
    "password": "pbkdf2_sha256$180000$wnYeyYHaI6eU$XovhGkuvxfco+3ALr1h4u2Ep2Dl1dYWWaYqitAdofKU=",
    "last_login": null,
    "email": "nelcomb2g@freewebs.com",
    "username": "",
    "first_name": "Nevsa",
    "date_of_birth": "1988-01-22",
    "sex": "woman",
    "preferences": null,
    "star_sign": "Aquarius",
    "questions": 89,
    "latitude": "51.520086",
    "longitude": "-0.104789",
    "occupation": "Nuclear Power Engineer",
    "bio": "Lorem ipsum dolor sit amet, consectetur adipiscing elit. Cras purus augue, dignissim nec risus ac, laoreet viverra turpis. Sed odio sem, elementum sit amet interdum in, gravida ac massa.",
    "conversations": [],
    "matches": [],
    "rejected": [],
    "images": []
  }
},
{
  "model": "people_app.user",
  "pk": 90,
  "fields": {
    "password": "pbkdf2_sha256$180000$4cugqXAS8yic$zNERlXTz91CUpmneJTYS+7dJt1coX2Eqgy+KB81Z0d4=",
    "last_login": null,
    "email": "aatthow2h@cyberchimps.com",
    "username": "",
    "first_name": "Avril",
    "date_of_birth": "1999-10-11",
    "sex": "woman",
    "preferences": null,
    "star_sign": "Libra",
    "questions": 90,
    "latitude": "51.60102",
    "longitude": "-0.1924",
    "occupation": "Senior Quality Engineer",
    "bio": "Lorem ipsum dolor sit amet, consectetur adipiscing elit. Cras purus augue, dignissim nec risus ac, laoreet viverra turpis. Sed odio sem, elementum sit amet interdum in, gravida ac massa.",
    "conversations": [],
    "matches": [],
    "rejected": [
      104
    ],
    "images": []
  }
},
{
  "model": "people_app.user",
  "pk": 91,
  "fields": {
    "password": "pbkdf2_sha256$180000$OW0LkzD1vQmL$Inb8Uc4hM+WFsJkDCnl+VPDs3AEBNMGEQKfsEE40YZ0=",
    "last_login": null,
    "email": "edall2i@shutterfly.com",
    "username": "",
    "first_name": "Ewen",
    "date_of_birth": "2000-03-19",
    "sex": "man",
    "preferences": null,
    "star_sign": "Pisces",
    "questions": 91,
    "latitude": "51.546701",
    "longitude": "-0.179867",
    "occupation": "Biostatistician II",
    "bio": "Lorem ipsum dolor sit amet, consectetur adipiscing elit. Cras purus augue, dignissim nec risus ac, laoreet viverra turpis. Sed odio sem, elementum sit amet interdum in, gravida ac massa.",
    "conversations": [],
    "matches": [],
    "rejected": [],
    "images": []
  }
},
{
  "model": "people_app.user",
  "pk": 92,
  "fields": {
    "password": "pbkdf2_sha256$180000$suXMVZ0Miy8c$c8vlz8b3dLiEa80sg49gTnRt14C7U1QBnF8k3pFo7wo=",
    "last_login": null,
    "email": "vscurrah2j@umich.edu",
    "username": "",
    "first_name": "Virgie",
    "date_of_birth": "1975-10-23",
    "sex": "man",
    "preferences": null,
    "star_sign": "Scorpio",
    "questions": 92,
    "latitude": "51.54994",
    "longitude": "-0.18412",
    "occupation": "Clinical Specialist",
    "bio": "Lorem ipsum dolor sit amet, consectetur adipiscing elit. Cras purus augue, dignissim nec risus ac, laoreet viverra turpis. Sed odio sem, elementum sit amet interdum in, gravida ac massa.",
    "conversations": [],
    "matches": [],
    "rejected": [],
    "images": []
  }
},
{
  "model": "people_app.user",
  "pk": 93,
  "fields": {
    "password": "pbkdf2_sha256$180000$TilmZj46TpKg$YLQw1+zDhSA+99dDFJOnyMmcnmD9cCgelHQqmOU6QUA=",
    "last_login": null,
    "email": "kjillins2k@house.gov",
    "username": "",
    "first_name": "Kameko",
    "date_of_birth": "1948-11-27",
    "sex": "woman",
    "preferences": null,
    "star_sign": "Sagittarius",
    "questions": 93,
    "latitude": "51.56498",
    "longitude": "-0.10543",
    "occupation": "Quality Control Specialist",
    "bio": "Lorem ipsum dolor sit amet, consectetur adipiscing elit. Cras purus augue, dignissim nec risus ac, laoreet viverra turpis. Sed odio sem, elementum sit amet interdum in, gravida ac massa.",
    "conversations": [],
    "matches": [],
    "rejected": [],
    "images": []
  }
},
{
  "model": "people_app.user",
  "pk": 94,
  "fields": {
    "password": "pbkdf2_sha256$180000$9Y6Bbd8M5f6y$yShPRhQVSch6LNxynBedQEJDGunn8MhJ0fWoGv+t27k=",
    "last_login": null,
    "email": "ctuffield2l@abc.net.au",
    "username": "",
    "first_name": "Chere",
    "date_of_birth": "1983-05-24",
    "sex": "woman",
    "preferences": null,
    "star_sign": "Gemini",
    "questions": 94,
    "latitude": "51.48033",
    "longitude": "-0.19488",
    "occupation": "Computer Systems Analyst IV",
    "bio": "Lorem ipsum dolor sit amet, consectetur adipiscing elit. Cras purus augue, dignissim nec risus ac, laoreet viverra turpis. Sed odio sem, elementum sit amet interdum in, gravida ac massa.",
    "conversations": [],
    "matches": [],
    "rejected": [],
    "images": []
  }
},
{
  "model": "people_app.user",
  "pk": 95,
  "fields": {
    "password": "pbkdf2_sha256$180000$WnQCzomIGTij$x+DsHK9dMx1bGzdoDbvOCW44WvzPkCml1SbdPXv6+3Y=",
    "last_login": null,
    "email": "irottenbury2m@unicef.org",
    "username": "",
    "first_name": "Irwin",
    "date_of_birth": "1948-07-15",
    "sex": "man",
    "preferences": null,
    "star_sign": "Cancer",
    "questions": 95,
    "latitude": "51.57649",
    "longitude": "0.06637",
    "occupation": "Senior Quality Engineer",
    "bio": "Lorem ipsum dolor sit amet, consectetur adipiscing elit. Cras purus augue, dignissim nec risus ac, laoreet viverra turpis. Sed odio sem, elementum sit amet interdum in, gravida ac massa.",
    "conversations": [],
    "matches": [],
    "rejected": [],
    "images": []
  }
},
{
  "model": "people_app.user",
  "pk": 96,
  "fields": {
    "password": "pbkdf2_sha256$180000$ul86tWG6Yjpl$IlI51Bts1OJir11elfrbubxWyF7Wrid3Zm9ZyAC6hZg=",
    "last_login": null,
    "email": "mfeldstern2n@wikimedia.org",
    "username": "",
    "first_name": "Mikkel",
    "date_of_birth": "1969-09-26",
    "sex": "man",
    "preferences": null,
    "star_sign": "Libra",
    "questions": 96,
    "latitude": "51.49408266",
    "longitude": "-0.17295341",
    "occupation": "Human Resources Assistant IV",
    "bio": "Lorem ipsum dolor sit amet, consectetur adipiscing elit. Cras purus augue, dignissim nec risus ac, laoreet viverra turpis. Sed odio sem, elementum sit amet interdum in, gravida ac massa.",
    "conversations": [],
    "matches": [],
    "rejected": [],
    "images": []
  }
},
{
  "model": "people_app.user",
  "pk": 97,
  "fields": {
    "password": "pbkdf2_sha256$180000$yZYFGSGbcr7H$H7ZIH6avp85hsHpfsWqHjMpBYUl1DbmN90PrbW6YnlE=",
    "last_login": null,
    "email": "nslobom2o@amazon.de",
    "username": "",
    "first_name": "Noelle",
    "date_of_birth": "1993-10-03",
    "sex": "woman",
    "preferences": null,
    "star_sign": "Libra",
    "questions": 97,
    "latitude": "51.57249",
    "longitude": "-0.1941",
    "occupation": "Structural Engineer",
    "bio": "Lorem ipsum dolor sit amet, consectetur adipiscing elit. Cras purus augue, dignissim nec risus ac, laoreet viverra turpis. Sed odio sem, elementum sit amet interdum in, gravida ac massa.",
    "conversations": [],
    "matches": [],
    "rejected": [
      10,
      104
    ],
    "images": []
  }
},
{
  "model": "people_app.user",
  "pk": 98,
  "fields": {
    "password": "pbkdf2_sha256$180000$oWySMbGeFTMr$rf4dQg7avhafr2Pi12/BNwmyqr+00HyOma4+jlJJ7iQ=",
    "last_login": null,
    "email": "efaley2p@irs.gov",
    "username": "",
    "first_name": "Erskine",
    "date_of_birth": "2000-10-28",
    "sex": "man",
    "preferences": null,
    "star_sign": "Scorpio",
    "questions": 98,
    "latitude": "51.501248",
    "longitude": "-0.226776",
    "occupation": "Assistant Media Planner",
    "bio": "Lorem ipsum dolor sit amet, consectetur adipiscing elit. Cras purus augue, dignissim nec risus ac, laoreet viverra turpis. Sed odio sem, elementum sit amet interdum in, gravida ac massa.",
    "conversations": [],
    "matches": [],
    "rejected": [],
    "images": []
  }
},
{
  "model": "people_app.user",
  "pk": 99,
  "fields": {
    "password": "pbkdf2_sha256$180000$spzh9BR5JbyE$7lQDPXIb8VsmzTvNmrJilFjr1p99tlYhog41//XDqHQ=",
    "last_login": null,
    "email": "nmcaless2q@bing.com",
    "username": "",
    "first_name": "Nigel",
    "date_of_birth": "1927-05-09",
    "sex": "man",
    "preferences": null,
    "star_sign": "Taurus",
    "questions": 99,
    "latitude": "51.5206",
    "longitude": "-0.13441",
    "occupation": "Software Engineer III",
    "bio": "Lorem ipsum dolor sit amet, consectetur adipiscing elit. Cras purus augue, dignissim nec risus ac, laoreet viverra turpis. Sed odio sem, elementum sit amet interdum in, gravida ac massa.",
    "conversations": [],
    "matches": [],
    "rejected": [],
    "images": []
  }
},
{
  "model": "people_app.user",
  "pk": 100,
  "fields": {
    "password": "pbkdf2_sha256$180000$N6hPUq3Y5dFM$GE6iODBaIBsO2mvAa5Fl2ICs017GOvofzzn2R4ysj18=",
    "last_login": null,
    "email": "singree2r@archive.org",
    "username": "",
    "first_name": "Sidonia",
    "date_of_birth": "1945-10-05",
    "sex": "woman",
    "preferences": 2,
    "star_sign": "Libra",
    "questions": 100,
    "latitude": "51.55597",
    "longitude": "-0.15228",
    "occupation": "Analytical Programmer",
    "bio": "Lorem ipsum dolo amet, consectetur adipiscing elit. Cras purus augue, dignissim nec risus ac, laoreet viverra turpis. Sed odio sem, elementum sit amet interdum in, gravida ac massa.",
    "conversations": [
      2,
      1,
      3,
      4,
      5,
      6,
      7,
      8,
      9,
      10
    ],
    "matches": [
      32,
      19,
      53,
      64,
      12,
      21,
      38,
      77,
      88,
      10
    ],
    "rejected": [
      80
    ],
    "images": [
      2,
      4
    ]
  }
},
{
  "model": "people_app.user",
  "pk": 102,
  "fields": {
    "password": "pbkdf2_sha256$180000$M78kL8VkAT7J$jcMCzGIp9CK8VA2qgApCQFbk0QzLstkfO3VkM/WdwCk=",
    "last_login": null,
    "email": "nurshafri@gmail.com",
    "username": "",
    "first_name": "Nur",
    "date_of_birth": "1999-10-25",
    "sex": "woman",
    "preferences": null,
    "star_sign": "Scorpio",
    "questions": 102,
    "latitude": "51.5105",
    "longitude": "0.1872",
    "occupation": "",
    "bio": "",
    "conversations": [
      23
    ],
    "matches": [
      104
    ],
    "rejected": [],
    "images": [
      16,
      17,
      18
    ]
  }
},
{
  "model": "people_app.user",
  "pk": 103,
  "fields": {
    "password": "pbkdf2_sha256$180000$yd57EeSngLAO$ezZ/Dx7AeijbY0RabGoE0jVZS9Mle5RThtksCf0QjJA=",
    "last_login": null,
    "email": "silian@silian.com",
    "username": "",
    "first_name": "Silian",
    "date_of_birth": "1993-02-10",
    "sex": "man",
    "preferences": 4,
    "star_sign": "Aquarius",
    "questions": 103,
    "latitude": "51.5380",
    "longitude": "0.0125",
    "occupation": "Financial Analyst",
    "bio": "Hi theree, I'm Silian and here I am onn a dating app....",
    "conversations": [],
    "matches": [],
    "rejected": [],
    "images": []
  }
},
{
  "model": "people_app.user",
  "pk": 104,
  "fields": {
    "password": "pbkdf2_sha256$180000$RMPQKG6MNImg$2cEEatH92TJtTG6PggaEpt6fZa3EZMrqFK8Qc/nJeHQ=",
    "last_login": null,
    "email": "kenn@kenn.com",
    "username": "",
    "first_name": "Kenn",
    "date_of_birth": "1997-08-03",
    "sex": "man",
    "preferences": 6,
    "star_sign": "Leo",
    "questions": 104,
    "latitude": "51.5829",
    "longitude": "-0.0913",
    "occupation": "Junior React Developer",
    "bio": "Write about yourself here...",
    "conversations": [
      20,
      21,
      22,
      24,
      27,
      23
    ],
    "matches": [
      2,
      27,
      34,
      37,
      102,
      8
    ],
    "rejected": [
      1,
      17,
      29,
      42,
      75,
      90,
      97
    ],
    "images": [
      24,
      27,
      31,
      32
    ]
  }
},
{
  "model": "people_app.user",
  "pk": 106,
  "fields": {
    "password": "pbkdf2_sha256$180000$qhpmIeV8oGPy$T7/XwH1RO3TPFzf+dyndDIawLL3Xt6+cejvB/0THnco=",
    "last_login": null,
    "email": "khan@khan.com",
    "username": "",
    "first_name": "Khan",
    "date_of_birth": "1997-08-03",
    "sex": "man",
    "preferences": 7,
    "star_sign": "Leo",
    "questions": 105,
    "latitude": "51.5838",
    "longitude": "-0.0913",
    "occupation": "Waiter",
    "bio": "ahhahahahahahaa",
    "conversations": [],
    "matches": [],
    "rejected": [],
    "images": [
      26
    ]
  }
},
{
  "model": "people_app.user",
  "pk": 107,
  "fields": {
    "password": "pbkdf2_sha256$180000$xlBdbVDoJDWd$SRw5LZhPIy2fo+wgvpnhyntCix4+WcB+05RKME8QVqM=",
    "last_login": null,
    "email": "loletta@loletta.com",
    "username": "",
    "first_name": "Loletta",
    "date_of_birth": "1997-08-03",
    "sex": "woman",
    "preferences": null,
    "star_sign": "Leo",
    "questions": 106,
    "latitude": "51.5838",
    "longitude": "-0.0913",
    "occupation": "",
    "bio": "",
    "conversations": [],
    "matches": [],
    "rejected": [],
    "images": []
  }
},
{
  "model": "people_app.user",
  "pk": 108,
  "fields": {
    "password": "pbkdf2_sha256$180000$YwoXJu4nx7RY$3oKXVb9r31bP+C6Wuu0gcq3VZzG1LKh5rLu0AJAwI64=",
    "last_login": null,
    "email": "kak@kak.com",
    "username": "",
    "first_name": "Khaleeda",
    "date_of_birth": "1997-08-01",
    "sex": "woman",
    "preferences": 8,
    "star_sign": "Leo",
    "questions": 107,
    "latitude": "51.5838",
    "longitude": "-0.0913",
    "occupation": "",
    "bio": "",
    "conversations": [
      25
    ],
    "matches": [
      53
    ],
    "rejected": [],
    "images": []
  }
},
{
  "model": "people_app.user",
  "pk": 109,
  "fields": {
    "password": "pbkdf2_sha256$180000$xtY0atOOCEmt$yHMLgRMqsKCCHvXdbGSy2qeQYhpaU1fnWYWzW67+F/k=",
    "last_login": null,
    "email": "jonny@jonny.com",
    "username": "",
    "first_name": "Jonny",
    "date_of_birth": "1995-03-19",
    "sex": "man",
    "preferences": 9,
    "star_sign": "Pisces",
    "questions": 108,
    "latitude": "51.5838",
    "longitude": "-0.0913",
    "occupation": "Lady killer",
    "bio": "Teachinggggg love it",
    "conversations": [
      26
    ],
    "matches": [
      34
    ],
    "rejected": [],
    "images": [
      28
    ]
  }
},
{
  "model": "people_app.individualpictures",
  "pk": 2,
  "fields": {
    "owner": 100,
    "picture": "images/download_7wvxYjY.jpg"
  }
},
{
  "model": "people_app.individualpictures",
  "pk": 4,
  "fields": {
    "owner": 100,
    "picture": "images/fb8f4a9aa3e4ab459367dc9c22c1e181_Mascgko.png"
  }
},
{
  "model": "people_app.individualpictures",
  "pk": 6,
  "fields": {
    "owner": 10,
    "picture": "images/download_EpBwJ98.jpg"
  }
},
{
  "model": "people_app.individualpictures",
  "pk": 16,
  "fields": {
    "owner": 102,
    "picture": "images/WhatsApp_Image_2020-04-22_at_21.54.29_Fk1XJ8l.jpeg"
  }
},
{
  "model": "people_app.individualpictures",
  "pk": 17,
  "fields": {
    "owner": 102,
    "picture": "images/WhatsApp_Image_2020-04-22_at_21.55.10_5OsvGik.jpeg"
  }
},
{
  "model": "people_app.individualpictures",
  "pk": 18,
  "fields": {
    "owner": 102,
    "picture": "images/WhatsApp_Image_2020-04-22_at_21.55.45_aZZwZZj.jpeg"
  }
},
{
  "model": "people_app.individualpictures",
  "pk": 24,
  "fields": {
    "owner": 104,
    "picture": "images/T0351JZQ0-UR57TFNHG-9e6632429f98-512_ehpuzFQ.jpg"
  }
},
{
  "model": "people_app.individualpictures",
  "pk": 26,
  "fields": {
    "owner": 106,
    "picture": "images/pp-1.jpg"
  }
},
{
  "model": "people_app.individualpictures",
  "pk": 27,
  "fields": {
    "owner": 104,
    "picture": "images/download_NenWOyL.jpg"
  }
},
{
  "model": "people_app.individualpictures",
  "pk": 28,
  "fields": {
    "owner": 109,
    "picture": "images/T0351JZQ0-UMRFW5REG-0591175ad90d-512.png"
  }
},
{
  "model": "people_app.individualpictures",
  "pk": 31,
  "fields": {
    "owner": 104,
    "picture": "images/fb8f4a9aa3e4ab459367dc9c22c1e181_uczUyoa.png"
  }
},
{
  "model": "people_app.individualpictures",
  "pk": 32,
  "fields": {
    "owner": 104,
    "picture": "images/download-1_uSZC6r9.jpg"
  }
},
{
  "model": "people_app.userpreferences",
  "pk": 1,
  "fields": {
    "owner": 80,
    "distance": 23,
    "min_age": 20,
    "max_age": 46,
    "sex": "man"
  }
},
{
  "model": "people_app.userpreferences",
  "pk": 2,
  "fields": {
    "owner": 100,
    "distance": 27,
    "min_age": 25,
    "max_age": 43,
    "sex": "man"
  }
},
{
  "model": "people_app.userpreferences",
  "pk": 3,
  "fields": {
    "owner": 10,
    "distance": 15,
    "min_age": 24,
    "max_age": 42,
    "sex": "woman"
  }
},
{
  "model": "people_app.userpreferences",
  "pk": 4,
  "fields": {
    "owner": 103,
    "distance": 14,
    "min_age": 34,
    "max_age": 50,
    "sex": "woman"
  }
},
{
  "model": "people_app.userpreferences",
  "pk": 6,
  "fields": {
    "owner": 104,
    "distance": 48,
    "min_age": 25,
    "max_age": 39,
    "sex": "woman"
  }
},
{
  "model": "people_app.userpreferences",
  "pk": 7,
  "fields": {
    "owner": 106,
    "distance": 13,
    "min_age": 27,
    "max_age": 49,
    "sex": "woman"
  }
},
{
  "model": "people_app.userpreferences",
  "pk": 8,
  "fields": {
    "owner": 108,
    "distance": 13,
    "min_age": 32,
    "max_age": 55,
    "sex": "man"
  }
},
{
  "model": "people_app.userpreferences",
  "pk": 9,
  "fields": {
    "owner": 109,
    "distance": 14,
    "min_age": 27,
    "max_age": 43,
    "sex": "woman"
  }
},
{
  "model": "people_app.individualmessages",
  "pk": 1,
  "fields": {
    "sent_from": 100,
    "sent_to": 32,
    "string": "heyy boooo",
    "created_at": "2020-04-22T16:05:12.640Z"
  }
},
{
  "model": "people_app.individualmessages",
  "pk": 2,
  "fields": {
    "sent_from": 100,
    "sent_to": 32,
    "string": "rgrgrgrg",
    "created_at": "2020-04-22T16:07:00.040Z"
  }
},
{
  "model": "people_app.individualmessages",
  "pk": 3,
  "fields": {
    "sent_from": 100,
    "sent_to": 32,
    "string": "grgrgrgr",
    "created_at": "2020-04-22T16:07:01.540Z"
  }
},
{
  "model": "people_app.individualmessages",
  "pk": 4,
  "fields": {
    "sent_from": 100,
    "sent_to": 32,
    "string": "rgrgrgrg",
    "created_at": "2020-04-22T16:07:02.728Z"
  }
},
{
  "model": "people_app.individualmessages",
  "pk": 5,
  "fields": {
    "sent_from": 100,
    "sent_to": 32,
    "string": "rgrgrgrg",
    "created_at": "2020-04-22T16:07:04.043Z"
  }
},
{
  "model": "people_app.individualmessages",
  "pk": 6,
  "fields": {
    "sent_from": 100,
    "sent_to": 32,
    "string": "rgrgrgr",
    "created_at": "2020-04-22T16:07:05.277Z"
  }
},
{
  "model": "people_app.individualmessages",
  "pk": 7,
  "fields": {
    "sent_from": 100,
    "sent_to": 32,
    "string": "grgrgrg",
    "created_at": "2020-04-22T16:07:06.748Z"
  }
},
{
  "model": "people_app.individualmessages",
  "pk": 8,
  "fields": {
    "sent_from": 100,
    "sent_to": 32,
    "string": "grgrgrgrg",
    "created_at": "2020-04-22T16:07:08.077Z"
  }
},
{
  "model": "people_app.individualmessages",
  "pk": 9,
  "fields": {
    "sent_from": 100,
    "sent_to": 32,
    "string": "grgrgrgrg",
    "created_at": "2020-04-22T16:07:09.406Z"
  }
},
{
  "model": "people_app.individualmessages",
  "pk": 10,
  "fields": {
    "sent_from": 100,
    "sent_to": 32,
    "string": "fefefcf",
    "created_at": "2020-04-22T16:07:10.683Z"
  }
},
{
  "model": "people_app.individualmessages",
  "pk": 11,
  "fields": {
    "sent_from": 100,
    "sent_to": 32,
    "string": "fefefefe",
    "created_at": "2020-04-22T16:07:12.302Z"
  }
},
{
  "model": "people_app.individualmessages",
  "pk": 12,
  "fields": {
    "sent_from": 100,
    "sent_to": 32,
    "string": "ecevev",
    "created_at": "2020-04-22T16:07:23.188Z"
  }
},
{
  "model": "people_app.individualmessages",
  "pk": 13,
  "fields": {
    "sent_from": 100,
    "sent_to": 32,
    "string": "evevwvev",
    "created_at": "2020-04-22T16:07:28.221Z"
  }
},
{
  "model": "people_app.individualmessages",
  "pk": 14,
  "fields": {
    "sent_from": 104,
    "sent_to": 102,
    "string": "Hellooo",
    "created_at": "2020-04-23T13:01:42.854Z"
  }
},
{
  "model": "people_app.individualmessages",
  "pk": 15,
  "fields": {
    "sent_from": 104,
    "sent_to": 102,
    "string": "nooo wayyyy",
    "created_at": "2020-04-23T13:02:02.573Z"
  }
},
{
  "model": "people_app.individualmessages",
  "pk": 16,
  "fields": {
    "sent_from": 102,
    "sent_to": 104,
    "string": "what are you talking about ???",
    "created_at": "2020-04-23T13:02:10.646Z"
  }
},
{
  "model": "people_app.individualmessages",
  "pk": 17,
  "fields": {
    "sent_from": 104,
    "sent_to": 102,
    "string": "omdasyssss soo",
    "created_at": "2020-04-23T13:03:56.146Z"
  }
},
{
  "model": "people_app.individualmessages",
  "pk": 18,
  "fields": {
    "sent_from": 102,
    "sent_to": 104,
    "string": "You'll neverrr guess what i saiddd",
    "created_at": "2020-04-23T13:04:11.562Z"
  }
},
{
  "model": "people_app.individualmessages",
  "pk": 19,
  "fields": {
    "sent_from": 104,
    "sent_to": 102,
    "string": "what ??",
    "created_at": "2020-04-23T13:04:17.790Z"
  }
},
{
  "model": "people_app.individualmessages",
  "pk": 20,
  "fields": {
    "sent_from": 102,
    "sent_to": 104,
    "string": "what???",
    "created_at": "2020-04-23T13:04:36.233Z"
  }
},
{
  "model": "people_app.individualmessages",
  "pk": 21,
  "fields": {
    "sent_from": 104,
    "sent_to": 102,
    "string": "hellooo",
    "created_at": "2020-04-23T13:16:43.426Z"
  }
},
{
  "model": "people_app.individualmessages",
  "pk": 22,
  "fields": {
    "sent_from": 104,
    "sent_to": 102,
    "string": "how are you",
    "created_at": "2020-04-23T13:17:08.200Z"
  }
},
{
  "model": "people_app.individualmessages",
  "pk": 23,
  "fields": {
    "sent_from": 102,
    "sent_to": 104,
    "string": "hellooo",
    "created_at": "2020-04-23T13:17:14.678Z"
  }
},
{
  "model": "people_app.individualmessages",
  "pk": 24,
  "fields": {
    "sent_from": 102,
    "sent_to": 104,
    "string": "hellooo",
    "created_at": "2020-04-23T13:18:48.211Z"
  }
},
{
  "model": "people_app.individualmessages",
  "pk": 25,
  "fields": {
    "sent_from": 102,
    "sent_to": 104,
    "string": "hellooo",
    "created_at": "2020-04-23T13:19:25.461Z"
  }
},
{
  "model": "people_app.individualmessages",
  "pk": 26,
  "fields": {
    "sent_from": 104,
    "sent_to": 102,
    "string": "helloo",
    "created_at": "2020-04-23T13:19:42.023Z"
  }
},
{
  "model": "people_app.individualmessages",
  "pk": 27,
  "fields": {
    "sent_from": 102,
    "sent_to": 104,
    "string": "hellooo",
    "created_at": "2020-04-23T13:23:27.840Z"
  }
},
{
  "model": "people_app.individualmessages",
  "pk": 28,
  "fields": {
    "sent_from": 104,
    "sent_to": 102,
    "string": "mad mad thats lowkey mad you knowwwwwww",
    "created_at": "2020-04-23T13:48:44.184Z"
  }
},
{
  "model": "people_app.individualmessages",
  "pk": 29,
  "fields": {
    "sent_from": 104,
    "sent_to": 102,
    "string": "ehhhh test test",
    "created_at": "2020-04-23T15:49:03.467Z"
  }
},
{
  "model": "people_app.individualmessages",
  "pk": 30,
  "fields": {
    "sent_from": 104,
    "sent_to": 102,
    "string": "heyyyy",
    "created_at": "2020-04-23T16:42:27.133Z"
  }
},
{
  "model": "people_app.individualmessages",
  "pk": 31,
  "fields": {
    "sent_from": 104,
    "sent_to": 102,
    "string": "0771rfggggg",
    "created_at": "2020-04-23T16:42:39.675Z"
  }
},
{
  "model": "people_app.messages",
  "pk": 1,
  "fields": {
    "user_one": 100,
    "user_two": 32,
    "messages": [
      1,
      2,
      3,
      4,
      5,
      6,
      7,
      8,
      9,
      10,
      11,
      12,
      13
    ]
  }
},
{
  "model": "people_app.messages",
  "pk": 2,
  "fields": {
    "user_one": 100,
    "user_two": 10,
    "messages": []
  }
},
{
  "model": "people_app.messages",
  "pk": 3,
  "fields": {
    "user_one": 100,
    "user_two": 64,
    "messages": []
  }
},
{
  "model": "people_app.messages",
  "pk": 4,
  "fields": {
    "user_one": 100,
    "user_two": 12,
    "messages": []
  }
},
{
  "model": "people_app.messages",
  "pk": 5,
  "fields": {
    "user_one": 100,
    "user_two": 19,
    "messages": []
  }
},
{
  "model": "people_app.messages",
  "pk": 6,
  "fields": {
    "user_one": 100,
    "user_two": 21,
    "messages": []
  }
},
{
  "model": "people_app.messages",
  "pk": 7,
  "fields": {
    "user_one": 100,
    "user_two": 38,
    "messages": []
  }
},
{
  "model": "people_app.messages",
  "pk": 8,
  "fields": {
    "user_one": 100,
    "user_two": 53,
    "messages": []
  }
},
{
  "model": "people_app.messages",
  "pk": 9,
  "fields": {
    "user_one": 100,
    "user_two": 77,
    "messages": []
  }
},
{
  "model": "people_app.messages",
  "pk": 10,
  "fields": {
    "user_one": 100,
    "user_two": 88,
    "messages": []
  }
},
{
  "model": "people_app.messages",
  "pk": 11,
  "fields": {
    "user_one": 10,
    "user_two": 32,
    "messages": []
  }
},
{
  "model": "people_app.messages",
  "pk": 12,
  "fields": {
    "user_one": 10,
    "user_two": 53,
    "messages": []
  }
},
{
  "model": "people_app.messages",
  "pk": 13,
  "fields": {
    "user_one": 10,
    "user_two": 12,
    "messages": []
  }
},
{
  "model": "people_app.messages",
  "pk": 14,
  "fields": {
    "user_one": 10,
    "user_two": 80,
    "messages": []
  }
},
{
  "model": "people_app.messages",
  "pk": 15,
  "fields": {
    "user_one": 10,
    "user_two": 45,
    "messages": []
  }
},
{
  "model": "people_app.messages",
  "pk": 16,
  "fields": {
    "user_one": 10,
    "user_two": 38,
    "messages": []
  }
},
{
  "model": "people_app.messages",
  "pk": 17,
  "fields": {
    "user_one": 10,
    "user_two": 24,
    "messages": []
  }
},
{
  "model": "people_app.messages",
  "pk": 18,
  "fields": {
    "user_one": 10,
    "user_two": 27,
    "messages": []
  }
},
{
  "model": "people_app.messages",
  "pk": 19,
  "fields": {
    "user_one": 10,
    "user_two": 37,
    "messages": []
  }
},
{
  "model": "people_app.messages",
  "pk": 20,
  "fields": {
    "user_one": 104,
    "user_two": 37,
    "messages": []
  }
},
{
  "model": "people_app.messages",
  "pk": 21,
  "fields": {
    "user_one": 104,
    "user_two": 2,
    "messages": []
  }
},
{
  "model": "people_app.messages",
  "pk": 22,
  "fields": {
    "user_one": 104,
    "user_two": 27,
    "messages": []
  }
},
{
  "model": "people_app.messages",
  "pk": 23,
  "fields": {
    "user_one": 104,
    "user_two": 102,
    "messages": [
      14,
      15,
      17,
      19,
      20,
      21,
      22,
      23,
      24,
      26,
      27,
      28,
      29,
      30,
      31
    ]
  }
},
{
  "model": "people_app.messages",
  "pk": 24,
  "fields": {
    "user_one": 104,
    "user_two": 34,
    "messages": []
  }
},
{
  "model": "people_app.messages",
  "pk": 25,
  "fields": {
    "user_one": 108,
    "user_two": 53,
    "messages": []
  }
},
{
  "model": "people_app.messages",
  "pk": 26,
  "fields": {
    "user_one": 109,
    "user_two": 34,
    "messages": []
  }
},
{
  "model": "people_app.messages",
  "pk": 27,
  "fields": {
    "user_one": 104,
    "user_two": 8,
    "messages": []
  }
},
{
  "model": "people_app.questionchoices",
  "pk": 1,
  "fields": {
    "choice": "Do you take interest in gender issues?",
    "category": "values",
    "options": "I do, I do not"
  }
},
{
  "model": "people_app.questionchoices",
  "pk": 2,
  "fields": {
    "choice": "Is love is the only prerequisite for marriage?",
    "category": "values",
    "options": "Yes, No"
  }
},
{
  "model": "people_app.questionchoices",
  "pk": 3,
  "fields": {
    "choice": "Would you give up your dreams for your partner?",
    "category": "values",
    "options": "Possible, Not posibble"
  }
},
{
  "model": "people_app.questionchoices",
  "pk": 4,
  "fields": {
    "choice": "Are you okay with a marriage without children?",
    "category": "values",
    "options": "Yes, No"
  }
},
{
  "model": "people_app.questionchoices",
  "pk": 5,
  "fields": {
    "choice": "What\u2019s more important? My happiness or my parent's happiness?",
    "category": "values",
    "options": " My happiness, My parent\u2019s happiness"
  }
},
{
  "model": "people_app.questionchoices",
  "pk": 6,
  "fields": {
    "choice": "Does society need for more diverse beauty standards?",
    "category": "values",
    "options": "It does, It does not"
  }
},
{
  "model": "people_app.questionchoices",
  "pk": 7,
  "fields": {
    "choice": "When an uncomfortable topic arises in a public space. Do you...",
    "category": "values",
    "options": "Move on for now, Talk about it"
  }
},
{
  "model": "people_app.questionchoices",
  "pk": 8,
  "fields": {
    "choice": "More important to you? Self-development or societal change",
    "category": "values",
    "options": "Self-development, Societal Change"
  }
},
{
  "model": "people_app.questionchoices",
  "pk": 9,
  "fields": {
    "choice": "Cooking or eating out?",
    "category": "preference",
    "options": "Cooking, Eating Out"
  }
},
{
  "model": "people_app.questionchoices",
  "pk": 10,
  "fields": {
    "choice": "Do you tend to post social issues on social media?",
    "category": "preference",
    "options": "I do, I do not"
  }
},
{
  "model": "people_app.questionchoices",
  "pk": 11,
  "fields": {
    "choice": "Stay at home dates or going out dates?",
    "category": "preference",
    "options": "Stay at home, Going out"
  }
},
{
  "model": "people_app.questionchoices",
  "pk": 12,
  "fields": {
    "choice": "Mountains or Oceans?",
    "category": "preference",
    "options": "Mountain, Ocean"
  }
},
{
  "model": "people_app.questionchoices",
  "pk": 13,
  "fields": {
    "choice": "What would you prefer, an expensive brand or a one of a kind gift?",
    "category": "preference",
    "options": "An expensive brand, One of a kind"
  }
},
{
  "model": "people_app.questionchoices",
  "pk": 14,
  "fields": {
    "choice": "Going to the movies alone or with someone?",
    "category": "preference",
    "options": "Alone, With Someone"
  }
},
{
  "model": "people_app.questionchoices",
  "pk": 15,
  "fields": {
    "choice": "Long line at a restaurant. Wait in line or go elsewhere?",
    "category": "preference",
    "options": "Wait in line, Go elsewhere"
  }
},
{
  "model": "people_app.questionchoices",
  "pk": 16,
  "fields": {
    "choice": "Your opinion on less than 5 contacts (call/text) in a day?",
    "category": "preference",
    "options": "Its okay, Not Okay"
  }
},
{
  "model": "people_app.userquestions",
  "pk": 1,
  "fields": {
    "owner": 1,
    "answers": "Yes ,  It does not , Move on for now ,  Eating Out , I do , Mountain",
    "questions": [
      4,
      7,
      9,
      10,
      12,
      6
    ]
  }
},
{
  "model": "people_app.userquestions",
  "pk": 2,
  "fields": {
    "owner": 2,
    "answers": "Yes , Move on for now ,  Societal Change , An expensive brand , Alone ,  Go elsewhere",
    "questions": [
      4,
      7,
      14,
      15,
      8,
      13
    ]
  }
},
{
  "model": "people_app.userquestions",
  "pk": 3,
  "fields": {
    "owner": 3,
    "answers": "Possible , It does , Move on for now , Cooking ,  I do not ,  With Someone",
    "questions": [
      3,
      7,
      9,
      10,
      14,
      6
    ]
  }
},
{
  "model": "people_app.userquestions",
  "pk": 4,
  "fields": {
    "owner": 4,
    "answers": "Yes , Move on for now ,  Societal Change , I do ,  Going out , Alone",
    "questions": [
      2,
      7,
      10,
      11,
      14,
      8
    ]
  }
},
{
  "model": "people_app.userquestions",
  "pk": 5,
  "fields": {
    "owner": 5,
    "answers": "Not posibble , Yes , Move on for now ,  I do not , An expensive brand ,  Not Okay",
    "questions": [
      3,
      4,
      7,
      10,
      16,
      13
    ]
  }
},
{
  "model": "people_app.userquestions",
  "pk": 6,
  "fields": {
    "owner": 6,
    "answers": "I do ,  Not posibble , Move on for now , Mountains,  With Someone , Its okay",
    "questions": [
      1,
      3,
      7,
      12,
      14,
      16
    ]
  }
},
{
  "model": "people_app.userquestions",
  "pk": 7,
  "fields": {
    "owner": 7,
    "answers": "Yes , It does ,  Societal Change , I do ,  Going out , Alone",
    "questions": [
      4,
      10,
      11,
      14,
      8,
      6
    ]
  }
},
{
  "model": "people_app.userquestions",
  "pk": 8,
  "fields": {
    "owner": 8,
    "answers": "Yes , Yes ,  Societal Change , I do , Stay at home ,  One of a kind",
    "questions": [
      2,
      4,
      10,
      11,
      8,
      13
    ]
  }
},
{
  "model": "people_app.userquestions",
  "pk": 9,
  "fields": {
    "owner": 9,
    "answers": "I do , Yes , Possible , Cooking , I do , Stay at home",
    "questions": [
      1,
      2,
      3,
      9,
      10,
      11
    ]
  }
},
{
  "model": "people_app.userquestions",
  "pk": 10,
  "fields": {
    "owner": 10,
    "answers": "It does , Move on for now , Self-development ,  Ocean ,  One of a kind ,  With Someone",
    "questions": [
      7,
      12,
      14,
      8,
      6,
      13
    ]
  }
},
{
  "model": "people_app.userquestions",
  "pk": 11,
  "fields": {
    "owner": 11,
    "answers": "No ,  No ,  Talk about it ,  Going out ,  One of a kind ,  Not Okay",
    "questions": [
      2,
      4,
      7,
      11,
      16,
      13
    ]
  }
},
{
  "model": "people_app.userquestions",
  "pk": 12,
  "fields": {
    "owner": 12,
    "answers": "Yes ,  It does not , Move on for now , Mountain ,  One of a kind , Alone",
    "questions": [
      4,
      7,
      12,
      14,
      6,
      13
    ]
  }
},
{
  "model": "people_app.userquestions",
  "pk": 13,
  "fields": {
    "owner": 13,
    "answers": "I do , Yes ,  My parent\u2019s happiness ,  One of a kind , Alone , Wait in line",
    "questions": [
      1,
      4,
      14,
      15,
      5,
      13
    ]
  }
},
{
  "model": "people_app.userquestions",
  "pk": 14,
  "fields": {
    "owner": 14,
    "answers": "Yes ,  Not posibble , Move on for now , I do , Stay at home ,  With Someone",
    "questions": [
      2,
      3,
      7,
      10,
      11,
      14
    ]
  }
},
{
  "model": "people_app.userquestions",
  "pk": 15,
  "fields": {
    "owner": 15,
    "answers": "It does ,  Talk about it , Self-development ,  I do not , Stay at home ,  Ocean",
    "questions": [
      7,
      10,
      11,
      12,
      8,
      6
    ]
  }
},
{
  "model": "people_app.userquestions",
  "pk": 16,
  "fields": {
    "owner": 16,
    "answers": "It does not ,  Talk about it ,  Societal Change ,  Going out ,  Ocean ,  One of a kind",
    "questions": [
      7,
      11,
      12,
      8,
      6,
      13
    ]
  }
},
{
  "model": "people_app.userquestions",
  "pk": 17,
  "fields": {
    "owner": 17,
    "answers": "It does , Move on for now ,  Societal Change , Stay at home , An expensive brand ,  With Someone",
    "questions": [
      7,
      11,
      14,
      8,
      6,
      13
    ]
  }
},
{
  "model": "people_app.userquestions",
  "pk": 18,
  "fields": {
    "owner": 18,
    "answers": "No , Yes ,  Societal Change , Cooking , Mountain ,  One of a kind",
    "questions": [
      2,
      4,
      9,
      12,
      8,
      13
    ]
  }
},
{
  "model": "people_app.userquestions",
  "pk": 19,
  "fields": {
    "owner": 19,
    "answers": "My parent\u2019s happiness , It does ,  Societal Change ,  I do not , Wait in line , Its okay",
    "questions": [
      10,
      16,
      15,
      8,
      6,
      5
    ]
  }
},
{
  "model": "people_app.userquestions",
  "pk": 20,
  "fields": {
    "owner": 20,
    "answers": "Possible ,  It does not , Self-development ,  I do not , Mountain ,  One of a kind",
    "questions": [
      3,
      10,
      12,
      8,
      6,
      13
    ]
  }
},
{
  "model": "people_app.userquestions",
  "pk": 21,
  "fields": {
    "owner": 21,
    "answers": "It does ,  Talk about it , Self-development ,  I do not , An expensive brand ,  Go elsewhere",
    "questions": [
      7,
      10,
      15,
      8,
      6,
      13
    ]
  }
},
{
  "model": "people_app.userquestions",
  "pk": 22,
  "fields": {
    "owner": 22,
    "answers": "My happiness ,  It does not , Self-development , I do ,  Going out ,  Go elsewhere",
    "questions": [
      10,
      11,
      15,
      8,
      6,
      5
    ]
  }
},
{
  "model": "people_app.userquestions",
  "pk": 23,
  "fields": {
    "owner": 23,
    "answers": "Yes ,  It does not ,  Societal Change , Mountain ,  Go elsewhere , Its okay",
    "questions": [
      4,
      12,
      16,
      15,
      8,
      6
    ]
  }
},
{
  "model": "people_app.userquestions",
  "pk": 24,
  "fields": {
    "owner": 24,
    "answers": "It does not , Move on for now , Self-development ,  Going out ,, Wait in line",
    "questions": [
      7,
      11,
      15,
      8,
      6,
      13
    ]
  }
},
{
  "model": "people_app.userquestions",
  "pk": 25,
  "fields": {
    "owner": 25,
    "answers": "I do , Yes , Yes ,  Going out ,  Ocean , Alone",
    "questions": [
      1,
      2,
      4,
      11,
      12,
      14
    ]
  }
},
{
  "model": "people_app.userquestions",
  "pk": 26,
  "fields": {
    "owner": 26,
    "answers": "It does ,  Talk about it , Self-development , Mountain , An expensive brand ,  Go elsewhere",
    "questions": [
      7,
      12,
      15,
      8,
      6,
      13
    ]
  }
},
{
  "model": "people_app.userquestions",
  "pk": 27,
  "fields": {
    "owner": 27,
    "answers": "It does ,  Talk about it , Self-development ,  One of a kind , Alone , Wait in line",
    "questions": [
      7,
      14,
      15,
      8,
      6,
      13
    ]
  }
},
{
  "model": "people_app.userquestions",
  "pk": 28,
  "fields": {
    "owner": 28,
    "answers": "Yes , Yes ,  My parent\u2019s happiness , Cooking ,  One of a kind , Alone",
    "questions": [
      2,
      4,
      9,
      14,
      5,
      13
    ]
  }
},
{
  "model": "people_app.userquestions",
  "pk": 29,
  "fields": {
    "owner": 29,
    "answers": "It does , Move on for now ,  Societal Change , An expensive brand ,  With Someone , Wait in line",
    "questions": [
      7,
      14,
      15,
      8,
      6,
      13
    ]
  }
},
{
  "model": "people_app.userquestions",
  "pk": 30,
  "fields": {
    "owner": 30,
    "answers": "Possible , Yes ,  It does not , An expensive brand , Alone ,  Go elsewhere",
    "questions": [
      3,
      4,
      14,
      15,
      6,
      13
    ]
  }
},
{
  "model": "people_app.userquestions",
  "pk": 31,
  "fields": {
    "owner": 31,
    "answers": "Not posibble , Yes ,  It does not , Mountain ,  One of a kind , Wait in line",
    "questions": [
      3,
      4,
      12,
      15,
      6,
      13
    ]
  }
},
{
  "model": "people_app.userquestions",
  "pk": 32,
  "fields": {
    "owner": 32,
    "answers": "I do , Possible ,  Talk about it , Stay at home , Mountain ,  Go elsewhere",
    "questions": [
      1,
      3,
      7,
      11,
      12,
      15
    ]
  }
},
{
  "model": "people_app.userquestions",
  "pk": 33,
  "fields": {
    "owner": 33,
    "answers": "Yes , Move on for now ,  Societal Change , Cooking , I do ,  Ocean",
    "questions": [
      2,
      7,
      9,
      10,
      12,
      8
    ]
  }
},
{
  "model": "people_app.userquestions",
  "pk": 34,
  "fields": {
    "owner": 34,
    "answers": "Yes ,  Not posibble , Yes , An expensive brand ,  With Someone , Wait in line",
    "questions": [
      2,
      3,
      4,
      14,
      15,
      13
    ]
  }
},
{
  "model": "people_app.userquestions",
  "pk": 35,
  "fields": {
    "owner": 35,
    "answers": "Yes ,  Talk about it , Self-development ,  Going out ,  One of a kind , Wait in line",
    "questions": [
      4,
      7,
      11,
      15,
      8,
      13
    ]
  }
},
{
  "model": "people_app.userquestions",
  "pk": 36,
  "fields": {
    "owner": 36,
    "answers": "Yes , It does ,  Societal Change , Stay at home ,  One of a kind , Wait in line",
    "questions": [
      2,
      11,
      15,
      8,
      6,
      13
    ]
  }
},
{
  "model": "people_app.userquestions",
  "pk": 37,
  "fields": {
    "owner": 37,
    "answers": "Yes ,  Not posibble , Move on for now , Stay at home ,  Ocean , An expensive brand",
    "questions": [
      2,
      3,
      7,
      11,
      12,
      13
    ]
  }
},
{
  "model": "people_app.userquestions",
  "pk": 38,
  "fields": {
    "owner": 38,
    "answers": "It does , Move on for now ,  Societal Change , Cooking ,  I do not , Stay at home",
    "questions": [
      7,
      9,
      10,
      11,
      8,
      6
    ]
  }
},
{
  "model": "people_app.userquestions",
  "pk": 39,
  "fields": {
    "owner": 39,
    "answers": "Possible , It does ,  Societal Change , I do , An expensive brand ,  Go elsewhere",
    "questions": [
      3,
      10,
      15,
      8,
      6,
      13
    ]
  }
},
{
  "model": "people_app.userquestions",
  "pk": 40,
  "fields": {
    "owner": 40,
    "answers": "Yes ,  It does not , Self-development ,  I do not , Stay at home ,  One of a kind",
    "questions": [
      4,
      10,
      11,
      8,
      6,
      13
    ]
  }
},
{
  "model": "people_app.userquestions",
  "pk": 41,
  "fields": {
    "owner": 41,
    "answers": "Yes ,  It does not , Move on for now ,  One of a kind ,  With Someone , Its okay",
    "questions": [
      4,
      7,
      14,
      16,
      6,
      13
    ]
  }
},
{
  "model": "people_app.userquestions",
  "pk": 42,
  "fields": {
    "owner": 42,
    "answers": "Yes ,  It does not , Self-development , I do ,  Going out , An expensive brand",
    "questions": [
      4,
      10,
      11,
      8,
      6,
      13
    ]
  }
},
{
  "model": "people_app.userquestions",
  "pk": 43,
  "fields": {
    "owner": 43,
    "answers": "It does , Move on for now ,  Societal Change , Stay at home ,  With Someone , Wait in line",
    "questions": [
      7,
      11,
      14,
      15,
      8,
      6
    ]
  }
},
{
  "model": "people_app.userquestions",
  "pk": 44,
  "fields": {
    "owner": 44,
    "answers": "Yes ,  No , Self-development ,  Eating Out , I do ,  Go elsewhere",
    "questions": [
      2,
      4,
      9,
      10,
      15,
      8
    ]
  }
},
{
  "model": "people_app.userquestions",
  "pk": 45,
  "fields": {
    "owner": 45,
    "answers": "Yes , It does , Self-development , I do ,  Ocean , Alone",
    "questions": [
      4,
      10,
      12,
      14,
      8,
      6
    ]
  }
},
{
  "model": "people_app.userquestions",
  "pk": 46,
  "fields": {
    "owner": 46,
    "answers": "Yes , It does ,  Societal Change , Stay at home , An expensive brand",
    "questions": [
      4,
      11,
      15,
      8,
      6,
      13
    ]
  }
},
{
  "model": "people_app.userquestions",
  "pk": 47,
  "fields": {
    "owner": 47,
    "answers": "It does , Move on for now ,  Societal Change , An expensive brand ,  Go elsewhere , Its okay",
    "questions": [
      7,
      16,
      15,
      8,
      6,
      13
    ]
  }
},
{
  "model": "people_app.userquestions",
  "pk": 48,
  "fields": {
    "owner": 48,
    "answers": "Yes ,  It does not , Self-development , Mountain ,  One of a kind , Wait in line",
    "questions": [
      4,
      12,
      15,
      8,
      6,
      13
    ]
  }
},
{
  "model": "people_app.userquestions",
  "pk": 49,
  "fields": {
    "owner": 49,
    "answers": "Possible , Yes ,  Societal Change , I do ,  Going out , Wait in line",
    "questions": [
      3,
      4,
      10,
      11,
      15,
      8
    ]
  }
},
{
  "model": "people_app.userquestions",
  "pk": 50,
  "fields": {
    "owner": 50,
    "answers": "Yes ,  It does not , Self-development ,  Ocean , An expensive brand ,  With Someone",
    "questions": [
      4,
      12,
      14,
      8,
      6,
      13
    ]
  }
},
{
  "model": "people_app.userquestions",
  "pk": 51,
  "fields": {
    "owner": 51,
    "answers": "Yes ,  It does not , Self-development , Mountain ,  With Someone , Wait in line",
    "questions": [
      4,
      12,
      14,
      15,
      8,
      6
    ]
  }
},
{
  "model": "people_app.userquestions",
  "pk": 52,
  "fields": {
    "owner": 52,
    "answers": "Yes , It does ,  Societal Change , An expensive brand , Alone ,  Go elsewhere",
    "questions": [
      4,
      14,
      15,
      8,
      6,
      13
    ]
  }
},
{
  "model": "people_app.userquestions",
  "pk": 53,
  "fields": {
    "owner": 53,
    "answers": "Yes ,  It does not , Move on for now ,,  One of a kind , Wait in line",
    "questions": [
      4,
      7,
      12,
      15,
      6,
      13
    ]
  }
},
{
  "model": "people_app.userquestions",
  "pk": 54,
  "fields": {
    "owner": 54,
    "answers": "Possible , It does , Move on for now , Mountain , An expensive brand , Wait in line",
    "questions": [
      3,
      7,
      12,
      15,
      6,
      13
    ]
  }
},
{
  "model": "people_app.userquestions",
  "pk": 55,
  "fields": {
    "owner": 55,
    "answers": "It does ,  Talk about it ,  Societal Change , An expensive brand ,  With Someone ,  Go elsewhere",
    "questions": [
      7,
      14,
      15,
      8,
      6,
      13
    ]
  }
},
{
  "model": "people_app.userquestions",
  "pk": 56,
  "fields": {
    "owner": 56,
    "answers": "It does not , Move on for now , Self-development ,  I do not , Stay at home ,  One of a kind",
    "questions": [
      7,
      10,
      11,
      8,
      6,
      13
    ]
  }
},
{
  "model": "people_app.userquestions",
  "pk": 57,
  "fields": {
    "owner": 57,
    "answers": "Yes ,  Not posibble , Self-development ,  Ocean , Alone ,  Go elsewhere",
    "questions": [
      2,
      3,
      12,
      14,
      15,
      8
    ]
  }
},
{
  "model": "people_app.userquestions",
  "pk": 58,
  "fields": {
    "owner": 58,
    "answers": "Yes ,  Not posibble , Yes ,  One of a kind , Alone , Wait in line",
    "questions": [
      2,
      3,
      4,
      14,
      15,
      13
    ]
  }
},
{
  "model": "people_app.userquestions",
  "pk": 59,
  "fields": {
    "owner": 59,
    "answers": "It does , Move on for now ,  Societal Change , An expensive brand ,  With Someone , Wait in line",
    "questions": [
      7,
      14,
      15,
      8,
      6,
      13
    ]
  }
},
{
  "model": "people_app.userquestions",
  "pk": 60,
  "fields": {
    "owner": 60,
    "answers": "Yes ,  Not posibble , Move on for now , I do ,  With Someone , Wait in line",
    "questions": [
      2,
      3,
      7,
      10,
      14,
      15
    ]
  }
},
{
  "model": "people_app.userquestions",
  "pk": 61,
  "fields": {
    "owner": 61,
    "answers": "Yes ,  Talk about it , Self-development ,  Going out , Mountain , Wait in line",
    "questions": [
      4,
      7,
      11,
      12,
      15,
      8
    ]
  }
},
{
  "model": "people_app.userquestions",
  "pk": 62,
  "fields": {
    "owner": 62,
    "answers": "It does ,  Talk about it , Self-development , Stay at home ,  Ocean , An expensive brand",
    "questions": [
      7,
      11,
      12,
      8,
      6,
      13
    ]
  }
},
{
  "model": "people_app.userquestions",
  "pk": 63,
  "fields": {
    "owner": 63,
    "answers": "Yes ,  Not posibble , Self-development , Mountain , An expensive brand ,  Go elsewhere",
    "questions": [
      2,
      3,
      12,
      15,
      8,
      13
    ]
  }
},
{
  "model": "people_app.userquestions",
  "pk": 64,
  "fields": {
    "owner": 64,
    "answers": "Possible , Yes ,  Societal Change , Stay at home ,  One of a kind , Wait in line",
    "questions": [
      3,
      4,
      11,
      15,
      8,
      13
    ]
  }
},
{
  "model": "people_app.userquestions",
  "pk": 65,
  "fields": {
    "owner": 65,
    "answers": "Yes ,  It does not , Self-development ,  Eating Out , Mountain ,  Go elsewhere",
    "questions": [
      4,
      9,
      12,
      15,
      8,
      6
    ]
  }
},
{
  "model": "people_app.userquestions",
  "pk": 66,
  "fields": {
    "owner": 66,
    "answers": "It does ,  Talk about it , Self-development ,  One of a kind , Alone , Wait in line",
    "questions": [
      7,
      14,
      15,
      8,
      6,
      13
    ]
  }
},
{
  "model": "people_app.userquestions",
  "pk": 67,
  "fields": {
    "owner": 67,
    "answers": "Yes ,  My parent\u2019s happiness , Move on for now ,  With Someone , Wait in line , Its okay",
    "questions": [
      2,
      7,
      14,
      16,
      15,
      5
    ]
  }
},
{
  "model": "people_app.userquestions",
  "pk": 68,
  "fields": {
    "owner": 68,
    "answers": "Yes , Move on for now ,  Societal Change ,  Ocean , An expensive brand , Alone",
    "questions": [
      4,
      7,
      12,
      14,
      8,
      13
    ]
  }
},
{
  "model": "people_app.userquestions",
  "pk": 69,
  "fields": {
    "owner": 69,
    "answers": "Yes ,  Talk about it , Self-development ,  Eating Out , I do ,  Going out",
    "questions": [
      2,
      7,
      9,
      10,
      11,
      8
    ]
  }
},
{
  "model": "people_app.userquestions",
  "pk": 70,
  "fields": {
    "owner": 70,
    "answers": "Yes ,  It does not , Self-development ,  One of a kind , Alone ,  Go elsewhere",
    "questions": [
      4,
      14,
      15,
      8,
      6,
      13
    ]
  }
},
{
  "model": "people_app.userquestions",
  "pk": 71,
  "fields": {
    "owner": 71,
    "answers": "Yes , Yes ,  Societal Change , Cooking , Wait in line , Its okay",
    "questions": [
      2,
      4,
      9,
      16,
      15,
      8
    ]
  }
},
{
  "model": "people_app.userquestions",
  "pk": 72,
  "fields": {
    "owner": 72,
    "answers": "Yes ,  Not posibble , Yes , Alone ,  Go elsewhere ,  Not Okay",
    "questions": [
      2,
      3,
      4,
      14,
      16,
      15
    ]
  }
},
{
  "model": "people_app.userquestions",
  "pk": 73,
  "fields": {
    "owner": 73,
    "answers": "Possible , Yes ,  Societal Change ,  Ocean ,  With Someone , Wait in line",
    "questions": [
      3,
      4,
      12,
      14,
      15,
      8
    ]
  }
},
{
  "model": "people_app.userquestions",
  "pk": 74,
  "fields": {
    "owner": 74,
    "answers": "Possible , Yes ,  Societal Change , I do , Alone ,  Go elsewhere",
    "questions": [
      3,
      4,
      10,
      14,
      15,
      8
    ]
  }
},
{
  "model": "people_app.userquestions",
  "pk": 75,
  "fields": {
    "owner": 75,
    "answers": "Yes , It does ,  Societal Change , Stay at home , An expensive brand , Wait in line",
    "questions": [
      4,
      11,
      15,
      8,
      6,
      13
    ]
  }
},
{
  "model": "people_app.userquestions",
  "pk": 76,
  "fields": {
    "owner": 76,
    "answers": "I do not ,  No , Possible ,  Eating Out , An expensive brand ,  Go elsewhere",
    "questions": [
      1,
      2,
      3,
      9,
      15,
      13
    ]
  }
},
{
  "model": "people_app.userquestions",
  "pk": 77,
  "fields": {
    "owner": 77,
    "answers": "Yes , Move on for now ,  Societal Change , Stay at home , Mountain , Alone",
    "questions": [
      2,
      7,
      11,
      12,
      14,
      8
    ]
  }
},
{
  "model": "people_app.userquestions",
  "pk": 78,
  "fields": {
    "owner": 78,
    "answers": "Yes ,  Not posibble , Self-development ,  I do not , Stay at home ,  Go elsewhere",
    "questions": [
      2,
      3,
      10,
      11,
      15,
      8
    ]
  }
},
{
  "model": "people_app.userquestions",
  "pk": 79,
  "fields": {
    "owner": 79,
    "answers": "Yes ,  Not posibble , It does , Mountain , An expensive brand ,  With Someone",
    "questions": [
      2,
      3,
      12,
      14,
      6,
      13
    ]
  }
},
{
  "model": "people_app.userquestions",
  "pk": 80,
  "fields": {
    "owner": 80,
    "answers": "Yes ,  It does not , Self-development , I do ,  Going out , Mountain",
    "questions": [
      4,
      10,
      11,
      12,
      8,
      6
    ]
  }
},
{
  "model": "people_app.userquestions",
  "pk": 81,
  "fields": {
    "owner": 81,
    "answers": "Possible ,  No , It does , Stay at home , An expensive brand , Wait in line",
    "questions": [
      3,
      4,
      11,
      15,
      6,
      13
    ]
  }
},
{
  "model": "people_app.userquestions",
  "pk": 82,
  "fields": {
    "owner": 82,
    "answers": "Yes , It does , Self-development , Stay at home ,  Ocean , Wait in line",
    "questions": [
      4,
      11,
      12,
      15,
      8,
      6
    ]
  }
},
{
  "model": "people_app.userquestions",
  "pk": 83,
  "fields": {
    "owner": 83,
    "answers": "Yes ,  It does not , Self-development , Mountain ,  One of a kind , Wait in line",
    "questions": [
      4,
      12,
      15,
      8,
      6,
      13
    ]
  }
},
{
  "model": "people_app.userquestions",
  "pk": 84,
  "fields": {
    "owner": 84,
    "answers": "Yes , Move on for now ,  Societal Change , Mountain ,  One of a kind , Alone",
    "questions": [
      4,
      7,
      12,
      14,
      8,
      13
    ]
  }
},
{
  "model": "people_app.userquestions",
  "pk": 85,
  "fields": {
    "owner": 85,
    "answers": "Possible ,  No , Self-development , Cooking ,  Going out , Wait in line",
    "questions": [
      3,
      4,
      9,
      11,
      15,
      8
    ]
  }
},
{
  "model": "people_app.userquestions",
  "pk": 86,
  "fields": {
    "owner": 86,
    "answers": "I do ,  No , Yes , Mountain , Alone , Wait in line",
    "questions": [
      1,
      2,
      4,
      12,
      14,
      15
    ]
  }
},
{
  "model": "people_app.userquestions",
  "pk": 87,
  "fields": {
    "owner": 87,
    "answers": "Yes , Possible ,  Societal Change , I do , An expensive brand ,  Go elsewhere",
    "questions": [
      2,
      3,
      10,
      15,
      8,
      13
    ]
  }
},
{
  "model": "people_app.userquestions",
  "pk": 88,
  "fields": {
    "owner": 88,
    "answers": "Yes ,  Not posibble , Self-development ,  Going out , Mountain , Alone",
    "questions": [
      2,
      3,
      11,
      12,
      14,
      8
    ]
  }
},
{
  "model": "people_app.userquestions",
  "pk": 89,
  "fields": {
    "owner": 89,
    "answers": "It does , Move on for now ,  Societal Change , An expensive brand , Alone , Wait in line",
    "questions": [
      7,
      14,
      15,
      8,
      6,
      13
    ]
  }
},
{
  "model": "people_app.userquestions",
  "pk": 90,
  "fields": {
    "owner": 90,
    "answers": "It does , Move on for now , Self-development ,  Eating Out , An expensive brand , Alone",
    "questions": [
      7,
      9,
      14,
      8,
      6,
      13
    ]
  }
},
{
  "model": "people_app.userquestions",
  "pk": 91,
  "fields": {
    "owner": 91,
    "answers": "I do , Yes ,  Not posibble , Cooking , I do , Alone",
    "questions": [
      1,
      2,
      3,
      9,
      10,
      14
    ]
  }
},
{
  "model": "people_app.userquestions",
  "pk": 92,
  "fields": {
    "owner": 92,
    "answers": "Yes ,  It does not , Self-development , Stay at home ,  Ocean , Alone",
    "questions": [
      4,
      11,
      12,
      14,
      8,
      6
    ]
  }
},
{
  "model": "people_app.userquestions",
  "pk": 93,
  "fields": {
    "owner": 93,
    "answers": "Yes ,  It does not , Move on for now , I do , Stay at home , An expensive brand",
    "questions": [
      4,
      7,
      10,
      11,
      6,
      13
    ]
  }
},
{
  "model": "people_app.userquestions",
  "pk": 94,
  "fields": {
    "owner": 94,
    "answers": "Yes ,  It does not , Self-development , I do ,  Going out , Mountain",
    "questions": [
      4,
      10,
      11,
      12,
      8,
      6
    ]
  }
},
{
  "model": "people_app.userquestions",
  "pk": 95,
  "fields": {
    "owner": 95,
    "answers": "Possible , It does , Self-development ,  I do not , An expensive brand ,  Go elsewhere",
    "questions": [
      3,
      10,
      15,
      8,
      6,
      13
    ]
  }
},
{
  "model": "people_app.userquestions",
  "pk": 96,
  "fields": {
    "owner": 96,
    "answers": "It does , Move on for now ,  Societal Change ,  With Someone , Wait in line , Its okay",
    "questions": [
      7,
      14,
      16,
      15,
      8,
      6
    ]
  }
},
{
  "model": "people_app.userquestions",
  "pk": 97,
  "fields": {
    "owner": 97,
    "answers": "Possible , It does ,  Societal Change , Stay at home , Mountain , Alone",
    "questions": [
      3,
      11,
      12,
      14,
      8,
      6
    ]
  }
},
{
  "model": "people_app.userquestions",
  "pk": 98,
  "fields": {
    "owner": 98,
    "answers": "Possible , It does , Self-development , Mountain , An expensive brand , Wait in line",
    "questions": [
      3,
      12,
      15,
      8,
      6,
      13
    ]
  }
},
{
  "model": "people_app.userquestions",
  "pk": 99,
  "fields": {
    "owner": 99,
    "answers": "Yes , It does , Self-development ,  Ocean , An expensive brand , Wait in line",
    "questions": [
      4,
      12,
      15,
      8,
      6,
      13
    ]
  }
},
{
  "model": "people_app.userquestions",
  "pk": 100,
  "fields": {
    "owner": 100,
    "answers": "Yes ,, Self-development ,  One of a kind , Alone , Wait in line",
    "questions": [
      4,
      14,
      15,
      8,
      6,
      13
    ]
  }
},
{
  "model": "people_app.userquestions",
  "pk": 102,
  "fields": {
    "owner": 102,
    "answers": "Yes ,  No , It does ,  I do not , Wait in line ,  Not Okay",
    "questions": [
      2,
      4,
      10,
      16,
      15,
      6
    ]
  }
},
{
  "model": "people_app.userquestions",
  "pk": 103,
  "fields": {
    "owner": 103,
    "answers": "Possible ,  It does not , Move on for now , Cooking , Stay at home , Alone",
    "questions": [
      3,
      7,
      9,
      11,
      14,
      6
    ]
  }
},
{
  "model": "people_app.userquestions",
  "pk": 104,
  "fields": {
    "owner": 104,
    "answers": "Yes , Possible ,  It does not , I do , Mountain ,  With Someone",
    "questions": [
      2,
      3,
      10,
      12,
      14,
      6
    ]
  }
},
{
  "model": "people_app.userquestions",
  "pk": 105,
  "fields": {
    "owner": 106,
    "answers": "Yes ,  Talk about it , Self-development , Mountain , Alone , Its okay",
    "questions": [
      4,
      7,
      12,
      14,
      16,
      8
    ]
  }
},
{
  "model": "people_app.userquestions",
  "pk": 106,
  "fields": {
    "owner": 107,
    "answers": "It does , Move on for now , Self-development ,  With Someone , Wait in line , Its okay",
    "questions": [
      7,
      14,
      16,
      15,
      8,
      6
    ]
  }
},
{
  "model": "people_app.userquestions",
  "pk": 107,
  "fields": {
    "owner": 108,
    "answers": "Possible ,  No , Mountain , Alone , Its okay , It does",
    "questions": [
      3,
      4,
      12,
      14,
      16,
      6
    ]
  }
},
{
  "model": "people_app.userquestions",
  "pk": 108,
  "fields": {
    "owner": 109,
    "answers": "Yes ,  Not posibble , Move on for now ,  I do not , Mountain",
    "questions": [
      2,
      3,
      7,
      10,
      12,
      16
    ]
  }
}
]
